raw_text,cleaned_words
야 아무리 한국계라지만 미국 사람이 끓여주는 김치찌개가 맛있어봤자 얼마나 어머나 국물이 어쩜 이렇게 시원해요?,한국 라지 미국 사람 김치찌개 맛있다 얼마나 어머나 국물 어쩜 시원하다
루미야 엄빠 얘기 좀 풀어봐 그게 더 재밌을 것 같애,루미 엄빠 얘기 그게 재밌다
여기저기 불려다니셔서 바쁘시겠지만 그래도 이건 꼭 보셔야겠습니다.,여기저기 바쁘다 이건
스포일러가 있어요!!보기,스포일러 보기
그니까 태티서가 이런 궂은일을 하고계셧다는거잖아,태티서 궂은일 셧다
요즘 병크 많은 게 다 귀마 때문이었군아,요즘 병크 때문
진우: 아이씨… < 여기서 진짜 범접 불가한 한국인의 얼을 느꼈슴,진우 아이 여기 범접 불가하다 한국인 느꼈슴
기획을 제대로 관철시키는 스타일과 귀에 쏙쏙 꽂히는 수록곡의 파워.,기획 제대로 관철 스타일 쏙쏙 수록 파워
내가 남산타워에 안가는 이유,남산타워 이유
내가 한국 사람이긴한가보다 대자본을 들여 만든 한국스러운 작품이라 너무 좋았다,한국 사람 자본 한국
곡1개낸신인남돌이 올해의가수상이라니ㅈㅉ어이없다욜마소다팝마이리를소다팝🥤🫧,신인 돌이 올해 가수 어이없다 마소
오리엔탈리즘에서 벗어나 케이팝에 대한 애정이 가득 담긴 웰메이드 애니메이션 🌟,오리엔탈리즘 대한 애정 가득 메이드 애니메이션
결점과 두려움을 인정하고 당당히 마주할 때 비로소 그 사슬에서 벗어날 수 있음을 기억하기.,결점 두려움 인정 당당하다 마주 비로소 사슬 기억
남미새로 살지말고 친구에게 돌아와라,남미 새롭다 친구
그러면 한국은... K-pop 공연으로 악귀를 물리치는 무당 걸그룹을 내고 턴을 종료합니다.,한국 공연 악귀 무당 걸그룹 종료
고증 미쳤다.,고증 미치다
머리론 헌터들 응원하면서 마음은 데먼들한테 먼저 반응하는 거 시간이 지나도 변하지를 않네,머리 헌터 응원 마음 데먼들 먼저 반응 시간 변하다
전통 문화와 K-POP의 결합이 창조해낸 기대 이상의 시너지.,전통 문화 결합 창조 기대 이상 시너지
2. 우리나라 요소를 자연스레 녹여서 억지스럽게 나오는 요소가 없음. 특히 무당을 현대 케이팝 그룹과 연결지은 점이 독창작이다.,우리나라 요소 억지 요소 무당 현대 그룹 연결 지은 창작
"이제는 하나의 세계관으로 자리잡은 K-POP의 정체성을 창의적으로 변주한 작품. 무엇보다 인상적인 것은 '케이팝'이라는 장르의 본질을 단순히 음악적 요소에만 한정하지 않고, 시각적 스타일과 문화적 분위기까지 포함해 입체적으로 표현했다는 점이다. 관객은 음악이 흐르는 순간, '아, 케이팝이네'라는 감각을 직관적으로 느끼게 된다. 이는 곧 이 장르가 이제 국제적으로도 충분히 정의되고 통용되는 고유성과 브랜드를 가졌다는 것을 방증한다.",이제 하나 세계관 자리 정체 창의 변주 무엇 인상 장르 본질 단순하다 음악 요소 한정 시각 스타일 문화 분위기 포함 입체 표현 음악 순간 감각 직관 장르 이제 국제 충분하다 정의 통용 고유 성과 브랜드 방증
다 좋은데 영어 가사로 가득한 노래에 한국어 하나 둘 끼워넣는거 할당제 같아서 킹받음,영어 가사 가득하다 노래 한국어 하나 할당
뇌절인 줄 알았는데 2절짜리 구성 완벽한 곡이었다.,뇌절 구성 완벽하다
케이팝을 소재로 한 모든 상상이 한껏 폭주한 집합체.,소재 모든 상상 폭주 집합
고증이 훌륭한가 O,고증 훌륭하다
"유치하다고 생각했는데, 보다보면 빠져드는 그들의 노래...",유치하다 노래
정작 이 모든 IP를 보유하고 있고 케이팝에 애니메이션 강국이라는 대한 민국이 아닌 미국의 메이저 제작사가 이런 속속들이 바닥 끝까지의 한국의 컨텐츠를 제작할 동안 한국의 영화계는 마동석의 건달 액션에나 빠져 있다는 슬픈 현실이 문제 인 것이다.,정작 모든 보유 애니메이션 강국 대한 민국이 미국 메이저 제작사 바닥 한국 컨텐츠 제작 동안 한국 영화계 마동석 건달 액션 슬프다 현실 문제
"내가 가끔 우리나라를 싫어할때가 많지만, 이걸보면 웃음기로 위로받게 되어버린다.",가끔 우리나라 싫어하다 웃음 위로
스타일리쉬한 Kpop과 오글거림,스타 일리
헌트릭스웅니들이 와이리 팬들을 사랑해.............우리 웅니들이 와이리 무리해..........사자보이즈는 대가리박아,트릭 스웅 사랑 우리 웅니들 무리하다 사자 보이즈 대가리 박아
"푸른 빛 아래 새벽 감성, 해가 지기 전 붉은 노을, 배경으로 보이는 한옥의 처맛자락, 익숙한 길거리... 한국에서만 느낄 수 있는 특유의 매력점들을 잘 살려낸 작품이라고 생각한다. 특히 K-POP을 즐겨 듣는 사람이라면 이전 영화 역사에 있어서 한 번도 접하보지 못 했던 'KPOP 뮤지컬 영화'를 맛보는 거 같아 이 부분에서는 기념비적이다. 또한 외국인 감독이, 이런 요소들을 잘 살려내기 위해 열심히 연구하고, 공을 들인 티가 나, 우리나라 관객이라면 굉장히 뿌듯해하며 영화를 관람할 수 있을 것이다. 그리고, 이 감독들은 아마, 우리나라를 좋아하게 됐을지도 모른다.",푸른 아래 새벽 감성 지기 붉다 노을 배경 처맛 자락 익숙하다 길거리 한국 특유 매력 사람 라면 이전 역사 보지 뮤지컬 부분 기념비 또한 외국인 요소 위해 연구 우리나라 라면 굉장하다 뿌듯하다 아마 우리나라 좋아하다
+) 기대 없이 봤다가 푹 빠져버린 영화. 다른 영화들에서는 절대 느낄 수 없을 독자적인 재미와 매력! 속편은 반드시 나와야 합니다!! 🙏,기대 다른 절대 독자 재미 매력 속편 반드시
#설래발치면서비웃은거,발치 면서
일단 기대감 낮추고 시작한게 신의 한수,일단 대감 신의 한수
심형래가 케이팝에 빠졌었더라면,심형래
"하지만 많은 세계인들이 K-Pop의 위상을 알고 찾아 듣는 것, 한국의 음식 문화가 알려지고 드라마 같은 매체들이",세계 위상 한국 음식 문화 매체
정말 취향 아니긴한데 보면서 눈물 두 번 흘림..,취향 눈물
이제 해외나가서 욕하지 맙시다. 다 알아들어요…,이제 해외 맙시 아들
애니 회사 다닐 때 일 없는 동안 TV 방영용 일본 애니에서 일본 글자 지우는 알바를 하곤 했었는데 살다 보니 소니 픽처스에서 제작한 애니에 우리 문화와 한글이 제대로 등장하는 것을 보게 되는구나.,애니 회사 동안 방영 일본 애니 일본 글자 알바 소니 픽처스 제작 애니 우리 문화 한글 제대로 등장
"내용이 쉽고, 캐릭터가 예쁘고, 음악이 듣기 편하고, 품질도 좋습니다.",내용 캐릭터 예쁘다 음악 듣기 편하다 품질
아이돌 뮤비나 뮤지컬 영화같은 걸 볼 때마다 느끼는 거지만.. 분명 나오는 노래는 어렵게 들리는데 캐릭터는 태연하게 입만 벙긋거리고 있는게 그렇게 짜쳐보일 수가 없다. 그리고 이번 작품은 그게 좀 심각하다.,아이돌 뮤비 뮤지컬 거지 분명 노래 어렵다 캐릭터 태연하다 벙긋 거리 수가 이번 그게 심각하다
너무나도 급진적인 절정부의 플롯과 루미에게만 집중되어있는 서사는 음악적 완성도에 가려져 있다. 우리는 국위에 취해 가려져 있는 것들을 마주 보지 않아서는 안된다.,급진 절정 부의 플롯 루미 집중 서사 음악 완성 우리 국위 취해 마주 보지 안되다
내가 한국인이라 눈물나는건가? ㅈㄴ감동이다 ..,한국인 건가 감동
덕질 포인트를 정확히 구사하는 것을 보면 아이돌 시장이 정말 치밀한 설계된 판이라걸 새삼 느낀다.,덕질 포인트 정확하다 구사 아이돌 시장 치밀하다 설계 판이 새삼
팬덤이 좀 더 능동적이었다면 좋았을 듯,팬덤 능동
애니메이션과 케이팝의 반가운 만남.,애니메이션 반갑다 만남
특별한 기획과 각별한 문화가 함께 손잡고 이루어 내는 재미들.,특별하다 기획 각별 문화 재미
재밌게 봤음. K-Pop 아이돌을 주제로 판타지와 엮어서,재밌다 아이돌 주제 판타지 엮어
아니 사자 옵빠들이랑 엮이지 말아주실래요?,사자 옵빠들
케이팝이 왜 인기 있는지 증명할 기세로.,인기 증명 기세
매력적인 시청각적 효과들이 돋보인다,매력 시청각 효과
"십여년 전쯤, 애니메이션으로 '춤'을 구현하는게 굉장히 힘들다는 애니메이터의 인터뷰를 본 적이 있다.",애니메이션 구현 굉장하다 힘들다 애니메이터 인터뷰
난 루진우 응원 하고 있었는데..,진우 응원
남잔데 사자보이즈 입덕했음,사자 보이즈 입덕
넷플 1위에 늘 속아와서,넷플
소재에 휘둘리지 않고 개성을 마음껏 다루는 끝내주는 콘서트.,소재 둘리 개성 마음껏 끝내주다 콘서트
어.. 나 한국인이야,한국인
영어 노래지만 중간중간 우리말 가사를 끼워 놓은 것도 굿,영어 노래 중간 중간 우리말 가사
"케이팝 한류의 선한 영향력을 동경하며 들뜬 기분으로 쓴, K-컬처를 향한 러브레터.",한류 선하다 영향력 동경 들뜨다 기분 컬처 러브레터
핫한 소재들의 힙한 조합! 비주얼과 노래 모두 'Golden'처럼 반짝인다,소재 조합 비주 노래 모두 처럼
낯선 익숙함의 오묘한 거리감을 조율한 코미디와 이야기. 컨셉에 집중해 완성한 감각적인 콘서트.,낯선 익숙하다 오묘하다 거리 조율 코미디 이야기 컨셉 집중 완성 감각 콘서트
강렬한 비트와 유려한 리듬으로 똘똘 뭉친 현장감으로 완성하는 민족 문화의 찬란한 개화.,강렬하다 비트 유려 리듬 똘똘 현장 완성 민족 문화 찬란하다 개화
노래 하나는 진짜 끝내준다,노래 하나
첫 평점은 3.5였지만 몇 주째 OST가 계속 머리속을 떠나지 않는다. 별 반개 올려야겠다.,계속 머리 반개
그냥 소재만 보면 이야기를 따라가는게 그렇게 어렵지 않은 작품이다. 외국에서 만들었지만 영화내내 보이는 모습들에서 한국의 분위기가 느껴지는게 신기했다. 게다가 캐릭터들도 매력있으면서 음악도 굉장히 적절하게 들어갔고 중독성있다. 마무리는 됐지만 뭔가 다른 이야기들도 더 보고 싶은 그런 작품이었다.,소재 이야기 어렵다 외국 내내 모습 한국 분위기 신기하다 게다가 캐릭터 매력 음악 굉장하다 적절하다 중독 마무리 뭔가 다른 이야기 보고
개인적으로 제가 좋아하는 스타일이에요,개인 좋아하다 스타일
그리고 김구쌤 보고 계십니까?,김구 보고 계시다
쫀쫀하게 귀에 붙는다. 마음에도…,쫀쫀하 마음
액션과 댄스 시퀀스가 환상적이었지만 내 눈을 사로잡은 건 주인공들의 병맛 표정 개그!,액션 댄스 시퀀스 환상 주인공 병맛 표정 개그
바이럴 ㅈㄴ 돌리네 ㄹㅇ,바이럴
요즘 'Golden' 자주 들린다 ♪,요즘 자주
트렌디한 콘셉트의 이해와 절로 몸을 반응케 하는 음악의 힘을 업고서 기세등등하게!,트렌디 콘셉트 이해 절로 반응 음악 기세 등등하다
무얼 보여주어야 할지 너무 잘 안다.,무얼
근데 뭔가 떡밥을 다 안 풀고 끝낸 느낌..!?,뭔가 떡밥
"연예 기획사가 투자하고, 문화체육관광부와 서울영상위원회의 제작 지원으로 만들어진 아이돌 세계관 뮤직 비디오를 본 것 같다. 그만큼 노래도 좋고, 스타일리시하고, (고금의 조화가 어우러지는) 한국적이고 서울적인 것들이 매력적으로 나타난다. 다만, 조금 헐거운 이야기는 둘째치더라도, 왠지 모르게 죄다 PPL이고 협찬처럼 느껴진다. 서울과 아이돌을 향한 낭만으로 가득하다. 현실을 닮은 절묘한 디테일들이 빛나면서도 식당의 음식 모형마냥 빛깔 좋은 가짜를 보는 것 같았다. 영화가 너무 착해서 그런 것 같기도 하고. 아무튼 이 영화가 판타지인 건, 악령을 때려잡아서가 아니라, 그런 미묘한 낭만화 때문은 아닐까. 물론 그게 영화가 지향한 바이니 실은 탁월한 걸 테고, <어벤져스 2> 같은 영화가 아니라 확실히 이런 영화야말로 관광객을 후킹할 수 있다는 생각도 들었다. 뭐랄까 문화 연구에 더 쓰일 것 같은 영화. 그 와중에 목소리만으로 존재감을 단번에 과시하는 이병헌이 새삼 감탄스러웠다.",연예 기획사 투자 문화 체육관 광부 영상 위원회 제작 지원 아이돌 세계관 뮤직 비디오 노래 스타일리시 고금 조화 한국 서울 매력 다만 조금 헐겁다 이야기 둘째 협찬 서울 아이돌 낭만 가득하다 현실 절묘하다 디테일 식당 음식 모형 마냥 빛깔 가짜 착하다 판타지 악령 미묘하다 낭만 때문 그게 지향 바이 탁월하다 어벤져스 확실하다 관광객 후킹 문화 연구 와중 목소리 존재 단번 과시 이병헌 새삼 감탄 스럽다
"케이팝처럼 빠른 전개가 장점이지만, 흑화한 루미가 어떠한 계기도 없이 각성하는 클라이맥스에서는 중요한 사건을 생략하고 노래로 때워 버린 느낌이었다. 동료들의 우정을 통해서 또는 그의 희생을 앞당기거나 해서 그럴듯한 개연성을 만들었더라면.",빠르다 전개 장점 흑화 루미 어떠하다 계기 각성 클라이맥스 중요하다 사건 생략 노래 동료 우정 통해 희생 그럴듯하다 개연
"케이팝 사운드의 힘과 판타지가 맞물린, 대중문화의 영리한 신화화.",사운드 판타지 대중문화 영리하다 신화
2025 퇴마록 케이팝ver.🐦‍⬛,퇴마록
"세상에 이런 기획도 있구나 싶었는데, 생각보다 완성도가 높아서 놀랐다",세상 기획 완성 높다
"스파이더버스와 라이엇게임즈의 KDA, TrueDamage, Heartsteel이 한국 배경으로 결합되면 만들어지는 결과물로 보인다.",스파이더 버스 라이엇게임즈 한국 배경 결과물
K-항마력이 밈을 넘어 힙이 됐다.,마력
K컬쳐 애니  그리고  대중적👍👍👍👍👏👏👏👏👏,컬쳐 애니 대중
케이팝과 한국 문화의 적절한 조화로 달달한 마이 리틀 소다 팝.,한국 문화 적절하다 조화로 달달 마이 리틀
한국적인 것을 바라보는 외부의 시선이 점점 정확하게 디테일을 높여간 작품. 한국 문화에 대한 이해도가 높아진 상태에서 여러 문화요소를 구조적으로 매끄럽게 엮어낸다.,한국 외부 시선 점점 정확하다 디테일 한국 문화 대한 이해도 상태 여러 문화 요소 구조 매끄럽다
"이 정도 정성이면 케이팝 박사학위, 이 정도 애정이면 케이팝 찐 덕후",정도 정성 이면 박사학위 정도 애정 이면 덕후
<스파이더맨: 뉴 유니버스>가 준 그 신선함이 느껴진다,스파이더맨 유니버스 신선하다
소니의 원툴.,소니 원툴
홀로 어둠을 밝히랴. 우리 노래 부르리라. 굳건한 이 소리로 이 세상을 고치리라.,홀로 어둠 우리 노래 굳다 소리 세상
아주 좋은 노래를 여러곡 남겼지만 영화로써는 조금 아쉽다. 퇴마라는 주제와 아이돌이 섞이다 보니 유치해진 부분이 있다.,아주 노래 영화로 조금 아쉽다 퇴마 주제 아이돌 유치하다 부분
빛은 어둠을 밝힐 때 비로소 빛난다.,어둠 비로소
온몸에 전율이 돋는 노래와 무대를 보며 눈물이 왈깍 쏟아진다.,온몸 전율 노래 무대 눈물 왈깍
이런식의 한류문화에 현혹되는건 언제나,한류 문화 현혹
이런 건 세계관이 설득이 안되면 노잼 되는데,세계관 설득 안되다 노잼
노래를 진짜 존나 잘뽑음,노래 존나
"아들이 몇 번이나 보고 춤추고 노래 틀어달라도 하다가 다시 넷플릭스를 켜고 한 번 더 보길래 잠깐 봤는데, 어느 순간 몰입해서 보고 있는 나 자신을 발견했다. 애니메이션을 좋아하지도 않고 제목부터 케이팝 머시기라니. 그냥 흔한 애니메이션이겠지 무시했었던 나에게 문화 사대주의가 있지 않았냐 하고 되묻는다. 유튜브에서 케이팝이니 한류니 하는 것들을 접하면 으레 가지는 선입견은 가볍다 소모적이고 일회성이다였는데, 이 애니메이션은 이제껏 보아왔던 디즈니와는 차원이 다른 센스를 가지고 있는 작품이다. 애니메이션을 보고 이렇게까지 집중했던 적이 있었나? 지나가다 잠깐 본 작품에 계속 멍 때리며 감상한 게 언제였나 기억이 나질 않는다.",아들 보고 노래 달라 다시 넷플릭스 잠깐 순간 몰입 보고 자신 발견 애니메이션 좋아하다 제목 시기 흔하다 애니메이션 무시 문화 사대주의 유튜브 한류 으레 선입견 가볍다 소모 애니메이션 이제껏 보아 디즈니 차원 다른 센스 가지 애니메이션 보고 집중 잠깐 계속 감상 언제 기억
각본 13/20 연기 14/20 연출 14/20 재미 28/40,각본 연기 연출 재미
이제 노래뿐 아니라 애니메이션으로도 케이팝이 구현된다.,이제 노래 애니메이션 구현
"세계적인 애니메이션 제작사가 말아주는 K팝 퇴마 스릴러를 보게 되다니...!  힘을 주어야할 부분과 뺄 부분을 정확히 조절했고, 고증도 한국어패치도 완벽해서 보는내내 사이다 그자체였다",세계 애니메이션 제작사 퇴마 스릴러 주어 야하다 부분 부분 정확하다 조절 고증 한국어 패치 완벽하다 사이다 자체
전혀 기대 안 한 음식이 입에 맞을 때.,전혀 기대 음식
이게 뭐야 이거 왜 재밌음?,재밌다
"K-POP도 알리고, 한국 문화도 알리고. 일석이조.",알리 한국 문화 알리 일석이조
노래 스토리 비주얼 모두 훌륭하고 발란스가 잘 잡혀있는 영리한 케이팝 소재 애니메이션,노래 스토리 비주 모두 훌륭하다 발란스 영리하다 소재 애니메이션
"남이 알려주는 K의 참맛, 그래 이게 K-POP이지.",이지
나 사실 아이돌 좋아할지도..?,사실 아이돌 좋아하다
게다가..K-Pop 매니아들만이 아니라 전세계 남녀노소들에게 어필되고 있다니 신기하기도 하고 왠지 내가 뿌듯해지기도..,게다가 매니아 전세계 남녀 노소 어필 신기하다 뿌듯하다 기도
내 항마력은 견디지 못했음,마력
우리가 못 느낀 사이에 케이팝은 단순한 노래를 넘어 사람들을 위로하고 힐링하는 문화로 성장하였고 ..세상은 그걸 변주하며 즐기는 시대가 되다니..,우리 사이 단순하다 노래 사람 위로 힐링 문화 성장하다 세상 변주 시대
"여봐라, 김구 선생님을 예토전생 시키고 BTS는 갓을 쓰고 그래미에 참석하게 하라.",여봐라 김구 선생님 예토전생 그래미 참석 하라
생각보다 훨씬 괜찮은 연출과 내용 그리고 노래까지 뭐하나 크게 빠지는게없었다 이제 후속편이나와서 떡밥만풀어준다면,괜찮다 연출 내용 노래 하나 크게 이제 후속 편이 떡밥
집 나갔던 K-주모의 화려한 귀가 콘서트!,주모 화려하다 귀가 콘서트
"눈과 귀가 동시에 호강하는 가장 힙하고 화려한 판타지 케이팝 콘서트. 소니 애니메이션의 압도적인 비주얼과 K-POP 퍼포먼스의 결합을 통해 마치 정교한 뮤직비디오를 보는 듯이 리듬감 있게 완성되었다. 패션 화보가 살아 숨 쉬는 듯한 비주얼 쇼크의 작화 스타일과 색감이 보는 맛을 확실하게 채워주었고, 너무도 잘 만든 노래와 사운드 디자인은 글로벌한 인기를 누릴 수밖에 없는 요소가 되어주었다. 한국적인 색채가 묻어나는 의상과 소품 디테일에 잘 짜인 성장 서사까지, K-POP 팬들을 넘어 일반 관객에게도 종합 선물 세트 같은 만족감을 안겨주는 작품이다.",귀가 동시 호강 가장 화려하다 판타지 콘서트 소니 애니메이션 압도 비주 퍼포먼스 결합 통해 마치 정교하다 뮤직비디오 듯이 리듬 완성 패션 화보 비주 쇼크 작화 스타일 색감 확실하다 노래 사운드 디자인 글로벌 인기 요소 한국 색채 의상 소품 디테일 성장 서사 일반 종합 선물 세트 만족감
"본인의 결점과 두려움을 더이상 피하지않고, 직시하고 맞서야만 진정한 자아를 찾을 수 있다는 간결한 메시지를.... K-POP에 담았다! 외국계 손에서 창작된 한국적인 아름다움....",본인 결점 두려움 이상 피하 직시 진정하다 자아 간결하다 메시지 외국 창작 한국 아름답다
2025년에 유행을 타기 위한 모든 조건을 완벽히 갖췄다.,유행 모든 조건 완벽하다
가장 이국적이면서도 한국적인 액션과 음악의 호쾌한 조합.,가장 국적 서도 한국 액션 음악 호쾌 조합
"노래와 화려함, 캐릭터 매력으로 확실히 승부하나 허술한 스토리에 발이 걸린다.",노래 화려하다 캐릭터 매력 확실하다 승부 하나 스토리
악령을 쫓는 케이팝 걸그룹이 팬들을 지켜주기 위해 악귀에 맞서 싸우는데 그 대상이 되는 빌런이 저승사자 보이그룹이란 이 정말 뭔가 싶은 해괴한 설정과 이야기로 이렇게 재밌는 작품을 만들 수 있다는 것 하나만으로도 기대 이상의 성공적인 성과를 거뒀다 생각이 드는 작품입니다. 퇴마사로서 악으로부터 세상을 구하면서 아이돌로서 성공가도에 오르는 두 가지의 장르물의 단순하고 쉬운 이야기를 키치하게 풀어내면서도 한 나라의 전통적인 문화와 현대 문화를 시간 여행이라는 키워드 없이 교묘하게 연결지어 한 화면 안에 담아놓은 데서 오는 신선한 매력도 가득합니다.,악령 걸그룹 위해 악귀 대상 빌런 저승사자 보이 그룹 뭔가 해괴 설정 이야기 재밌다 하나 기대 이상 성공 성과 퇴마사 로서 세상 아이돌 로서 가도 가지 장르 물의 단순하다 쉽다 이야기 키치 나라 전통 문화 현대 문화 시간 여행 워드 교묘하다 연결 화면 신선하다 매력 가득하다
2. 특히 주 캐릭터는 헤어스타일이나 서사나 엘사 느낌 나는데 시작하고 20분 만에 비밀 밝혀지는 엘사와는 달리 촌스럽게 러닝타임 내내 전전긍긍하다가 끝나기 20분 전에야 비밀이 밝혀지는데,캐릭터 헤어스타일 서사 엘사 시작 비밀 엘사 달리 러닝 타임 내내 전전긍긍 비밀
오글거리고 유치한 줄거리..근데 조이는 이쁘다야..,유치하다 줄거리 이쁘다
사자보이즈한테 감긴 것 같아서 자존심 개상함 마이리틀소다팝...,사자 보이즈 자존심 마이 리틀
유치하지만 저승돌이랑 호랑이를 맛깔나게 낋여준걸요,유치하다 저승 돌이 호랑이 맛깔나다 준걸
"넷플에서 뭐볼것없나 둘러보다 제목만 보고 '뭐야이 짜치는 시대에 편승한 나라 똥칠할 작품은? ' 이라는 생각으로 잠깐 눌러보고 욕이나 할 심산으로 시작했다가 정말 많은 생각을 하게된 작품. 한국이 가진 고유한 문화를 새로운 세대들에게 너무나도 설득력있고 멋지게 전달할 작품이라는 생각. 아트웍,캐릭터들,음악 동작하나하나 그들의 관찰력과 표현력에 끝없이 한국이라는 나라 출신이라는 자긍심이 그저 가벼운 애니메이션에서 끝없이 뭍어나왔다. 3D애니메이터로 10년... 그리고 업계를 떠난지도 10년... 개인적으로는 정말 뭔가 많은 생각이 들게하는 찬란한 작품.",넷플 제목 보고 시대 편승 나라 칠하다 잠깐 보고 심산 시작 한국 고유 문화 새롭다 세대 설득 멋지다 전달 아트웍 캐릭터 음악 하나 관찰 표현 한국 나라 출신 자긍심 가볍다 애니메이션 애니메이터 업계 개인 뭔가 찬란하다
"우선 영화적인 측면에서 보자. 고증은 잘 지켰다. 하지만 고증이 잘 지켜졌다고 그게 명작인 것은 절대 아니다. 고증은 영화의 기본인 거다. 어느 역사 영화든지, 원작 소설 리메이크 영화든지 사실은 지켜지는 것을 베이스로 깔고 있어야 한다(고증을 의도적으로 버리고 재미와 자신이 하고자 하는 메세지를 챙긴 것은 예외다.ex 바스터즈, 설국열차). 문제는 스토리다. 홍보용 영화라고 스토리가 안 지켜지는 것은 가장 큰 문제다. 너무나도 전형적이고 유치해 보이는 애니메이션이다. 그런 고질적인 클리셰를 따르고 문화에 대한 홍보를 얻으려 했다면 의도대로는 된 셈이다. 문제는 이것이 영화라는 것이다. 대중영화이든 예술영화이든 영화는 절대 단순한 홍보의 수단으로 쓰여지면 안 된다. 다른 홍보용 영화를 예시로 레고 무비를 보자. 레고의 고증뿐만 아니라 레고가 담고 있는 철학까지 모두 사로잡았다. 물론 케데현도 결점을 당당하게 여기자는 주제를 담고 있기는 하다. 하지만 그 주제의 알갱이는 너무 작다. 그것을 메인이라고 하기에는 한국이라는 컨셉이 과도하게 넘쳐흐른다. 한국을 알리고자 하는 영화의 의도는 충분히 이해한다. 하지만 왜 이 영화가 꼭 만들어져야 했는지가 의문이다. kpop 문화는 이미 bts랑 블랙핑크로 전에 한참 유행이였다. tv를 틀면 한국 음식을 먹는 외국인들도 쉽게 접할 수가 있다. 관광명소를 소개하기에는 이미 많은 외국인들이 경복궁에 온다.",우선 측면 고증 고증 그게 명작 절대 고증 기본 역사 원작 소설 리메이크 사실 베이스 고증 의도 재미 자신 메세지 예외 바스터즈 설국열차 문제 스토리 홍보 스토리 가장 문제 전형 유치하다 애니메이션 고질 클리셰 문화 대한 홍보 의도 문제 대중 예술 절대 단순하다 홍보 수단 다른 홍보 예시 레고 무비 레고 고증 레고 철학 모두 케데현 결점 당당하다 주제 주제 알갱이 작다 그것 메인 한국 컨셉 과도 넘치다 한국 의도 충분하다 이해 의문 문화 블랙 핑크 한참 유행 한국 음식 외국인 수가 관광명소 소개 외국인 경복궁
"유치함과 오글거림을 뛰어넘는 막강한 기획과 OST의 힘! 내면 그대로 살아가는 건 가장 힘들지만, 결국 그것이 바른 길. 한류가 선도하는 시대의 꼭대기에서 표현하기 어려운 뭉클함이 밀려오네.",유치하다 막강 기획 내면 그대로 가장 힘들다 그것 한류 선도 시대 꼭대기 표현 어렵다 뭉클하다
그럴듯하게 묘사하는 것이 아니라 작정하고서 한국적인 이야기를 펼쳐내니 되려 세계적인 화제를 불러일으킨 것 같아 응원하는 마음도 생겨난다.,그럴듯하다 묘사 작정 한국 이야기 세계 화제 응원 마음
좀 더 메타적으로는 경제적 상업적 도약을 위해 아픈 역사를 잠시 잊어야만 했던 대한민국 현대사 자체에 관한 은유처럼 보이기도 합니다 국가가 직면한 실존적 위기가 너무나 시급하여 모든 부조리와 병폐들을 일단 잊어야만 했던 순간들이 '한'이라는 가장 한국적인 정서로 치환되어 영화 속에 투영되어 있습니다.,메타 경제 상업 도약 위해 아프다 역사 잠시 대한민국 대사 자체 은유 국가 직면 실존 위기 시급하다 모든 부조리 병폐 일단 순간 가장 한국 정서 치환 투영
온갖 에니와 온갖 케이팝 가수들의 짬뽕이지만 은근 중독성 있네 ㅋㅋ,온갖 온갖 가수 짬뽕 은근 중독
80분짜리 쉽고 빠른 팝콘 애니메이션,빠르다 팝콘 애니메이션
K붙이고 장사하믄 다 좋나?라고 아니꼽게 보던 시선이 무안하게 되는 맛깔난 퀄리티,붙이 장사 아니꼽다 시선 무안하다 맛깔나다 퀄리티
헌트릭스 캐릭터들이 다 매력적.,트릭 캐릭터 매력
- 뭐 이딴 네오 펑키 혼혈 잡종 병맛 국뽕이 다 있냐 (근데 다른 나라 언어권이 말아주는;),네오 펑키 혼혈 잡종 병맛 국뽕 다른 나라 언어권
'한국적'과 '창의적'의 폭발적인 시너지.,한국 창의 폭발 시너지
외국인이 좋아하는 한국적 요소는 다 있는데 그게 기분나쁘진 않고 어이없게 웃김,외국인 좋아하다 한국 요소 그게 기분 나쁘다 어이없다
혼문이 되어버린 K-컬처가 전 세계에 퍼지고 있다. 이건 자뻑이 아니라구!,혼문 컬처 세계 이건 자뻑
12년 전 엘사한테 느꼈던 웅장함이 다시 찾아왔다 그래도 유치한 건 어쩔 수 없다...,엘사 웅장 다시 유치하다
"생생한 에너지와 컬러로 가득한 케이팝의 매력, 다소 평면적인 서사에도 불구하고 한국 문화를 충실히 구현하고 수준급 음악적 완성도까지 두루 갖춘 어반 판타지.",생생하다 에너지 컬러 가득하다 매력 다소 평면 서사 불구 한국 문화 충실하다 구현 수준 음악 완성 두루 어반 판타지
그림체 진짜 기괴하고 캐릭터들도 못생김,그림 기괴하다 캐릭터
선배가 나락갔는데 남산 쇼케이스?,선배 나락 남산 쇼케이스
누가 이런 깜찍한 혼종을 만들어냈단 말인가!!!,누가 깜찍하다 혼종
뇌절도 이렇게 하면 예술인거지,절도 예술인 거지
무난하게 볼만하지 않을까 싶었는데 생각보다 잘 만들었다.,무난 만하
"나 어릴 적, 영구와 땡칠이가 좋았던 그런 느낌일까",영구 칠이
강력한 액션과 음악만으로도 단점이 무색해지는 마법 같은 순간.,강력하다 액션 음악 단점 무색 마법 순간
캐릭터랑 노래는 좋은데 이게 그렇게까지 열광받을 작품인가..,캐릭터 노래 열광
시대를 잘만난 기획과 창작,시대 잘만 기획 창작
서양애들이 일본풍의 애니나 영화를 알아서 만들어주는 게 어떤 느낌일까 궁금했는데,일본 애니 궁금하다
"한국적인 것을 제대로 알아야만 만들 수 있는 형형색색 콘서트에 열광, 또 열광!",한국 제대로 형형색색 콘서트 열광 열광
"‘에잉? 도대체 왜?’ … 보는지 알게 되었습니다. 쉽고, 빠른 이야기 전개, 명확한 캐릭터, 중독성있는 음악의 삼중주로 완성된 깔끔한 애니메이션입니다.",에잉 도대체 빠르다 이야기 전개 명확하다 캐릭터 중독 음악 삼중주 완성 깔끔하다 애니메이션
과하지 않고 특색을 매우 강조한 훌륭한 작품.,특색 매우 강조 훌륭하다
이게 바로 코리엔탈리즘이다!,바로 코리 리즘
"외관은 화려하지만, 어딘가 밋밋하다. 영화는 나름대로 케이팝 산업의 어두운 이면을 건드리려 노력한다. 하지만 영화 속 악령은 무엇의 은유인가? 영화는 케이팝의 완벽함을 강요하는 기획사와 사생활이 소멸된 아이돌의 삶, 팬덤의 지나친 독성 등을 연결시키려는 시도를 하지만, 이 연결은 피상적이고 불완전하다. 결국 외부에서 온 악령이라는 존재로 치환되면서 구조적 문제가 개인의 악으로 환원된다. 케이팝이라는 소재와 악마 사냥이라는 장르의 결합이 서사적 필연성을 갖지 못한다. 화려한 껍데기와 평면적인 캐릭터, 그리고 빈약한 알맹이가 모인 작품에 불과하다.",외관 화려하다 어딘가 밋밋하다 나름 산업 두운 이면 노력 악령 무엇 은유 완벽하다 강요 기획사 사생활 소멸 아이돌 팬덤 독성 연결 시도 연결 피상 불완전하다 외부 악령 존재 치환 구조 문제 개인 환원 소재 악마 사냥 장르 결합 사적 필연 화려하다 껍데기 평면 캐릭터 빈약하다 알맹이 불과하다
"눈과 귀과 즐거운 비주얼과 아이디어로 밀고 나가는 힘은 탁월한데, 상투적이고 급한 전개는 설득력을 완전히 잃는다.",즐겁다 비주 아이디어 밀고 탁월하다 상투 급하다 전개 설득 완전하다
"등잔 밑이 어둡다더니. 밖으로만 눈을 돌리던 우리네 사람들의 ‘속사정’을, 아름다운 불빛으로 환히 비쳐주어 감사할 따름.",등잔 어둡다 우리네 사람 속사정 아름답다 불빛 환하다 따름
아니 뭐 다 좋은데 루미의 그건 결점이라고 뭉뚱그리면 안되는거 아닌가,루미 결점 뭉뚱그리 안되다
[25.06.20. 공개 / 넷플릭스],공개 넷플릭스
웅장하다가도 오글거려. 근데 결국은 좋아.,웅장
실화냐... 세상이 날 상대로 몰카하는 것 같음,실화 세상 상대로 몰카
해외가서 먹는 한식이 더 맛있다더니…,해외 한식 맛있다
세라핀 하러 가야겠다...,라핀
요소요소마다 놀라운 포인트가 한두개가 아님. 그저 놀라며 감상했다.,요소 놀랍다 포인트 감상
이거 한국인 조롱할려고 만든거같은데,한국인 조롱
한국인으로서 즐길만한 요소가 여기저기에,한국인 요소 여기저기
미국에서 말아주는 케이팝히어로 국밥이오? 존맛탱입니다. 사자보이즈.. 내 죄까지 사랑해준다는데 나는 이미 당신들의 포로입니다 사랑하자마자 가는군여 진우😢,미국 히어로 국밥 이오 존맛 사자 보이즈 사랑 당신 포로 사랑 자마자 진우
아이돌 줄 노래 여기로 다 간 듯 노래 개좋다,아이돌 노래 여기 노래
"한국 민중 정서에서 초자연적 존재들은 두려움의 대상임과 동시에 인간적 결함도 가지고 있고, 그래서 으레 '생긴건 무섭지만 하는 짓은 어리숙하게' 표현되곤 한다. (개인적으론 이러한 친숙함을 유발하는 해학적 정서가, 인간적 교감을 통한 갈등 해소를 좋아하는 한국적 이야기의 근저에 깔려 있다고도 생각한다.)",한국 민중 정서 초자연적 존재 두려움 상임 동시 인간 결함 가지 으레 무섭다 어리숙하다 표현 개인 이러하다 친숙하다 유발 해학 정서 인간 교감 통한 갈등 해소 좋아하다 한국 이야기
국정티비에서 채널조정시간마다 틀어줘도 된다고 생각합니다.,국정 티비 채널 정시
한국산 식재료로 미국의 유명한 셰프가 만든 얼큰한 국밥의 맛.,국산 재료 미국 유명하다 셰프 얼큰하다 국밥
투디판과 돌판의 대통합 + 한국적 요소로 머글까지 유입시키기...! 게다가 노래 퀄이 미친듯이 좋다. 후속작을 기다리지 않을 수가 없음.,투디판 돌판 통합 한국 요소 머글 유입 게다가 노래 미치다 후속작 수가
K-POP이라는 신선한 소재를 애니메이션에 잘 융합시켰다는 점에서 별점 반개 더 추가함 (ost도 좋고),신선하다 소재 애니메이션 융합 반개 추가
어떻게 메가히트할 수 있었지?,히트
케이팝의 대유쾌 소다팝,유쾌
한국적인 디테일을 가져와 만든 외국 작품(심지어 소니가!!)중에 처음으로 불편하거나 어색한 곳이 한 군데도 없었다. 이런 영화를 살면서 보게 될 줄이야 뿌듯해 죽겠네 ㅎㅎㅎ,한국 디테일 외국 심지어 소니 처음 불편하다 어색하다 군데 뿌듯하다 죽겠네
아이돌 문화나 한국 음식 등 고증이 대박이다. 무대할 때 카메라 무빙이 진짜 뮤직뱅크 같아서 신기했다.,아이돌 문화 한국 음식 고증 대박 무대 카메라 무빙 뮤직뱅크 신기하다
"사실상 팬들에게서 완벽한 존재로 동경 받는 아이돌을 소재로 하여, 그들이 스스로의 불완전함을 받아들이는 과정을 익숙한 성장 영화의 흐름으로 쉽고 스피디하게 담아냈다. 다만 그 안에서 너무 직접적으로 제시되거나 유치하게 느껴지는 묘사들이 다소 있었다. 음악에 맞춘 퍼포먼스가 흐름에 완전히 매끄럽게 녹아들었다 생각되지 않기도 한다. 그렇지만 케이팝을 소재로 한 영화답게, 한국 문화에 대한 꽤 철저한 고증들이 즐겁게 느껴지기도 한다.",사실 완벽하다 존재 동경 아이돌 소재 스스로 불완전하다 과정 익숙하다 성장 흐름 피디 다만 직접 제시 유치하다 묘사 다소 음악 퍼포먼스 흐름 완전하다 매끄럽다 소재 화답 한국 문화 대한 철저하다 고증 즐겁다 기도
감독이 미국이민자라는 걸 들었을때 어떤면에서 성장기의 혼란을 의미하진 않았을까 생각해본다.,미국 이민자 성장기 혼란 의미
굉장히 맛있는 김피탕을 먹는 느낌.,굉장하다 맛있다 김피탕
이렐리아..럭스..징크스...,이렐리아 럭스 징크스
케이팝 겨울왕국+케이팝 8마일? 디즈니처럼 교조적 메세지 보단 순수한 재미가 무엇인지 소니가 보여주는듯.,겨울왕국 마일 디즈니 교조 메세지 순수하다 재미 무엇 소니
가장 특출난 장점은 바로 K-POP스럽다는 것.,가장 특출나다 장점 바로 스럽다
애니메이션 특유의 해방감을 능숙하게 갖고 논다,애니메이션 특유 해방 능숙하다
(*소니픽쳐스는 미국회사라네 ㅎㅎ),픽쳐스 미국 회사
유치하면 어때  뿌듯하고 즐거운데,유치하다 뿌듯하다 즐겁다
"- 일월오봉도를 콘서트 배경으로 쓰는 게 보기에 멋있긴 한데 그 용도에 안 맞지 않나 싶다가도, 일찌기 흑길동이 옳다고 주장했으니 이것도 받아들여야 한다.",일월오봉도 콘서트 배경 보기 멋있다 용도 길동 옳다 주장
독특한 소재를 예리한 관점으로 살피며 이를 다양한 톤의 강점으로 풀어낸다.,독특하다 소재 예리하다 관점 살피 다양하다 강점
아.. 엘산나... 더빙으로 다시 봐야지(๑˃̶͈̀∇˂̶͈́)و⁾⁾˚*,산나 더빙 다시
그나저나 사자보이즈는 어떻게 됐나요..,사자 보이즈
노래가 다했다.,노래
노래의 멜로디나 구성 뿐만 아니라 가사 하나하나가 영화의 전체 이야기를 관통하는게 기가막힌다,노래 멜로디 구성 가사 하나 하나 전체 이야기 관통
"대중을 홀려야 하는 것도 맞고 에너지를 빨아먹기도, 영혼을 심어주기도 하는 존재가 아이돌이니까! 그 본질을 정확하게 이해하고 정수를 담아 깔끔하게 잘 만든 K 애니메이션.",대중 홀려 에너지 먹기 영혼 주기도 존재 아이돌 본질 정확하다 이해 정수 깔끔하다 애니메이션
한국에 대한 고증을 취하고 아이돌 고증은 개나 줘버린.,한국 대한 고증 취하 아이돌 고증
"뭔가 이렇게만 보면 코스모폴리나티니즘이랑 연관있어보이지만, 마냥 세계화 속 한국의 이미지를 보여주는 것이 아닌, '진짜 한국적인 것'을 담으려는 노력이 보여서 좋았다.",뭔가 코스모 폴리 나티 연관 보이 마냥 세계 한국 이미지 한국 노력
제목만 보고 섣불리 작품을 판단하지 말 것.,제목 보고 섣불리 판단
넷플릭스산 김피탕의 익숙하면서도 참신한 맛이 솔솔.,넷플릭스 김피탕 익숙하다 참신하다 솔솔
내가 잘 견디지 못하는 유형의 유치함에는.. 1점 정도라서,유형 유치하다 정도
"모든 것이 익숙하지만 새로운 감각, 노래들도 어떻게 이렇게 좋게 뽑았지.",모든 익숙하다 새롭다 감각 노래
케이팝처럼 수려하게 잘 뽑힌 케이팝 무비,수려 무비
미국에서 작정하고 말아주고 빨아주는 한국문화?,미국 작정 한국 문화
디테일적인 부분이 아주 훌륭한 kpop 뮤지컬 애니메이션. 음악과 노래도 매우 훌륭. 동적인 액션 묘사 부분만 약간의 아쉬움이 있음(달리기 포즈 같은거).,디테 부분 아주 훌륭하다 뮤지컬 애니메이션 음악 노래 매우 훌륭 액션 묘사 부분 약간 아쉬움 달리기 포즈
"화려한 기술과 K POP의 시너지가 만나, 눈과 귀 모두 사로잡는 황홀한 콘서트로",화려하다 기술 시너지 모두 황홀하다 콘서트
"한국 케이팝 문화가 완벽히 녹아들어간, 이런 유치함과 뇌절이라면 맛있게 먹겠습니다",한국 문화 완벽하다 유치하다 뇌절 라면 맛있다
기획 아이디어 좋고,기획 아이디어
한국 문화에 대한 높은 이해도를 바탕으로 기획해낸 특별한 프로젝트.,한국 문화 대한 높다 이해도 바탕 기획 특별하다 프로젝트
나도 모르게 노래를 흥얼거리게되네 말리들 소다퍕~,노래 말리 소다퍕
진우야 호냥이랑 까치 보러 다시 와줄 거지,진우 호냥 까치 다시 거지
"나에게 다 남아서 언젠가 빛을 내줄거니까, 마치 이 영화처럼",남아 마치
힘을 줄 곳에만 줄줄 아는 케이팝 디테일의 화신,줄줄 디테일 화신
2◆ K컬쳐를 진하게 품은 내용물과 영미권 바이브가 섞여서 상당히 아리송한 풍미를 낸다. 이에 더하여 아이돌 문화 및 외국인의 눈으로 본 한국이라는 낯선 렌즈까지 아울러 내게는 상당히 참신했다. 허나 참신토록 당황스러운 요소요소가 끝내 작품 내적으로 개화하여 신선한 쾌감으로 전환되지는 못 했다.,컬쳐 진하다 내용물 영미권 바이브 상당하다 아리송하다 밉다 더하다 아이돌 문화 외국인 한국 낯선 렌즈 상당하다 참신하다 참신 당황 요소 끝내 내적 개화 신선하다 쾌감 전환
세계로 울려 퍼지는 K-장녀들의 anthem.,세계 장녀
자본이 낋여준 한국의 맛은 무척이나 좋구나 얼쑤~~,자본 여준 한국 무척
"10. ""진우"". 목소리를 가진 400년차 저승사자. 가난한 비파 연주자였다가 귀마와 계약해 엄마와 동생을 버리고 호의호식, 이후 귀마의 노예로 전락. 과오에 대한 기억을 지워달라고 충성. 보이그룹 ""사자보이즈""로 헌트릭스 팬 빼앗아 혼문 약해지게 함 ㅋㅋ 근육 ""애비"", 꼬마 음침 래퍼 ""미스터리"", 핑크 귀공자 ""로맨스"", 꼬마 ""베이비""",진우 목소리 년차 저승사자 가난하다 비파 연주자 계약 엄마 동생 호의호식 이후 노예 전락 과오 대한 기억 달라 충성 보이 그룹 사자 보이즈 트릭 혼문 근육 애비 꼬마 음침 래퍼 미스터리 핑크 공자 로맨스 꼬마 베이비
"케이팝의 첫인상은 당혹스러울지 모르나, 휘황찬란 구원 서사에 어느새 어깨를 들썩이고야 만다.",첫인상 당혹스럽다 휘황 찬란 구원 서사 어느새다 어깨
헤드셋 착용하고 시청할 것 👍,헤드셋 착용 시청
이 정도는 되어야 당당하게 K를 붙일 수 있다.,정도 당당하다
"예상 외로 한국문화 깨알같이 표현하려고 노력한 면이 보이고, 노래들 다 좋고 특히 사자보이즈.. 이것이 저승사자 바이브? Your Idol 무대에서 간지가 내 취향이네ㅋㅋㅋ 이렇게 활동해주라. 안효섭은 목소리도 멋졌구나. kpop을 소재로 영화까지 만들어지다니 자랑스럽다",예상 외로 한국 문화 깨알 표현 노력 보이 노래 사자 보이즈 저승사자 바이브 무대 간지 취향 활동 안효섭 목소리 멋지다 소재 자랑스럽다
"한국 소재로 본격적인 영상화 작품이 만들어지는 것이 처음이다보니, 한국계 스탭과 출연진들이 미친듯이 디테일 위에 디테일을 덧입혔다.",한국 소재 본격 영상 처음 한국 스탭 출연 미치다 디테일 디테일
약점인 애니메이션도 결국 문화로 기세로,약점 애니메이션 문화 기세
- 제목에선 상상할 수도 없을 정도로 알찬 컨텐츠. 관객이 무엇을 좋아하는지 안다.,제목 상상 수도 정도 알차다 컨텐츠 무엇 좋아하다
모든 장르 덕후들 대통합의 장,모든 장르 덕후 통합
유치하고 오글거릴 것 같아서 계속 눈에 띄는 거 모른 척하다가 그래도 궁금하긴 하니까 봤는데 취. 향. 저. 격,유치하다 계속 궁금하다
진부할 수 있는 스토리를 눈과 귀를 사로잡는 영상미와 콘셉트로 생명력 부여,진부하다 스토리 상미 콘셉트 생명력 부여
늙은이는 솔직히 재미있는지 모르겠습니다,늙은이 솔직하다 재미있다
욜마소다팝 말리루소다팝,마소 말리 루소
단점보다 장점이 훨씬 많이 보입니다. 귀도 즐겁고요. 다만 아이돌 문화를 즐기지 않는 사람들은 좀 힘든 부분이 있습니다.,단점 장점 즐겁다 다만 아이돌 문화 사람 힘드다 부분
귀마가 제일 악역인데 그냥 불?타오르는 것으로만 연출한 것에는 의도가 있는것일까? 좀 싱겁게 퇴장한듯한 느낌도 있지만 루미+진우가 합쳐져 + 친구들과의 우정 회복 + 관객들의 애정과 호응이 더해져서 물리친거니까,마가 제일 악역 연출 의도 싱겁다 퇴장 루미 진우 친구 우정 회복 애정 호응 더하다 물리
아트박스풍 편지지까지 너무 한국임;,아트 박스 편지지 한국
나 본진 콘서트 가려면 미리 가사 외우고 응원법 외워야 하는데 사자오빠들이 더 땡기네ㅠ,본진 콘서트 미리 가사 응원 사자
엥 샤ㅇ 나만 또 대중취향 공감못하네 이게 재밌다고?,대중 취향 공감 재밌다
마 ! 이게 바로 K떼창이다!,바로 떼창
궁수캐 없어서 불합격 드립니다,궁수 불합격
생각보다 설정과 아트 디테일이 훨씬 좋아서 한국에서도 과연 이 정도를 만들 수 있을까 싶다.,설정 아트 디테 일이 한국 과연 정도
진짜 모든게 좋은데 항마력이…네 그렇습니다,모든 마력
이거 생각보다 설정마저 고증이 잘 된 것 같은데.,설정 고증
올해 할로윈은 저승사자 코스튬이 성행할것으로 예상,올해 할로윈 저승사자 코스튬 성행 예상
이 정도면 크게 억지 부리지 않고 ’한국적으로 보이는 것‘들을 잘 버무려낸 듯하다.,정도 크게 억지 부리 한국 버무려낸
난 왜 Golden이나 Soda Pop보다 Takedown이랑 How It's Done이 더 좋을까,이나
익숙한 감성으로 예리하게 파고드는 매력.,익숙하다 감성 예리하다 매력
케이팝에 열광하는 외국인들의 마음을 알 것 같기도.,열광하다 외국인 마음
김치워리어가 생각날 만큼 국뽕은 치사량이지만...그래도 한국문화가 사랑받고 즐겁다면 충분히 좋은 일 아닐까?,김치 워리어 만큼 국뽕 치사량 국문 즐겁다 충분하다
설정한 의도에만 집중했을 때 나오는 깔끔함,설정 의도 집중 깔끔하다
"스토리, 캐릭터, ost, 러닝타임 어느것 하나 빠지지 않는 거의 완벽한 애니메이션이 탄생했다!",스토리 캐릭터 러닝 타임 하나 거의 완벽하다 애니메이션 탄생
첨엔 오글거려 못 보겠단 느낌이었는데 곱씹을수록 (노래가 중독성 있어서 강제로 곱씹게 됨) 전에 없던 감각을 일깨우고 새로운 심상을 줌. 이게 바로 예술이 아닌가 싶어 평점을 만점으로 수정했습니다. 다만 누가 이 영화 봤냐고 물어보면 모른 척 하려구요,노래 중독 강제 감각 새롭다 심상 바로 예술 만점 수정 다만 누가
제목만 어떻게 좀 해봐.,제목
개인적으로 양육자가 틀릴 수 있다는 메시지가 좋았다... 숨길 필요 없어 내 목소리를 듣고 나를 보여줘,개인 양육 메시지 필요 목소리
교훈적 사필귀정,교훈 사필귀정
새롭지만 익숙한 맛으로 깔린 판에 울려 퍼지는 이름값하는 음악.,새롭다 익숙하다 이름 음악
감각적인 수용과 변용으로 세운 한류의 혼문,감각 수용 변용 세운 한류 혼문
과거부터 현재까지 한국적인 것이 세계적인 것,과거 현재 한국 세계
스토리 개연성은 신경안쓰고 오로지 비쥬얼과 ost에만 힘쓴 영화.,스토리 개연 성은 신경안 비쥬
"또한, 이 영화의 한국적인 요소와 놀랄만치 치밀한 고증이 현 시대에 K-컨텐츠 문화 자체가 곳곳에 스며들어 이제 변방의 문화가 아님을 입증하고 있다. 그러니깐 이 영화의 가장 큰 진입 장벽은 제목이 아닐 수 없다. 뭐 기대 안하고 시작했지만 생각보다 훨씬 재밌다. 그리고 K-Pop 음악이 너무 좋잖아. ""해피 혼문!!!""💖💖💖",또한 한국 요소 치밀하다 고증 시대 컨텐츠 문화 자체 곳곳 이제 변방 문화 입증 가장 진입 장벽 제목 기대 시작 재밌다 음악 해피 혼문
After : 이 집 한식 칼칼하게 잘하네 ... 주방 이모님 조상이 주모인가 봐.,한식 칼칼하다 주방 이모 조상 주모
케이팝과 한국에 대한 높은 이해도로 만들어졌다는 점이 참 반갑다.,한국 대한 높다 이해도 반갑다
제작자님 어찌 이리 덕질 포인트를 잘아시나요...,제작자 어찌 덕질 포인트
이 영화가 왜 전 세계적으로 이렇게 인기가 많은지 이해가 안 감. 취향 차이 때문인가? 내가 너무 늙었나?,세계 인기 이해 취향 차이 때문
이게 진짜 내스타일은 아니라서 보긴 봤지먼,스타일 멀다
"""케이팝, 아이돌""이라는 소재가 개인적인 취향과는 다소 거리가 있고, 살짝 유치하게 느껴지는 부분들이 적지 않았지만.. 묘하게 귀에 착착 감기는 음악들과, 단전부터 올라오는 근거없는 자부심에 홀려서 재미있게 감상했다..^^",아이돌 소재 개인 취향 다소 거리 살짝 유치하다 부분 적지 착착 감기 음악 단전 근거 자부심 홀려 재미있다 감상
아니 왜 노래를 계속 듣고 있는 것이지…? 바로 이것이 이 영화의 매력인가? 근데 별점을 수정할 순 없어… 으으아아아악악악 혼란스러워!!!!!!!! 그렇지만 난 계속 흥얼거릴래 you’re my soda pop~~~~ my little soda pop~~~,노래 계속 바로 매력 수정 혼란 스럽다 계속
까치랑 호랑이 귀엽,까치 호랑이 귀엽다
'케이팝'이라는 한 단어로 부실한 내용을 부실하게 덮는다.,단어 부실하다 내용 부실하다
엘에이 북창동 순두부가 그리 맛있다던데. 소니 픽처스의 케이팝 애니도 아주 맛있네. 어찌 이리 잘 낋여왔을꼬.,엘에이 창동 순두부 맛있다 소니 픽처스 애니 아주 맛있다 어찌
사자보이즈 컴백 기다려요...,사자 보이즈 컴백
"마음을 치유하는 노래, 모두를 포옹하는 문화.",마음 치유 노래 모두 포옹 문화
세상은 지금 K-Pop 열풍,세상 지금 열풍
아 늙었나보다 재밌는지 모르겠다,재밌다
가오갤에서 올드팝 듣는 기분을 드디어 이해하다,가오 올드팝 기분 이해
뭐지? 했는데..끝까지 보게되고.. 음악이 전 세계인을 열광케하는 이유를 알게되었다..,음악 세계 열광 이유
전혀 예상 못한 조합인데 맛있다.,전혀 예상 조합 맛있다
소니가 이걸로 큰 이득을 보지 못했다고 하던데 그 이유를 알 것도 같고 말이야. 이렇게까지 뜰지 누가 알았겠어,소니 이득 보지 이유 누가
세상이 날 배신했다.,세상 배신
제대로 이해한 문화적 감성을 기반으로 한 케이팝이 다 했다.,제대로 이해 문화 감성 기반
제목이 가장 큰 단점이라고 생각할 때쯤 제목마저 찬사가 되어 마음에 떠오르는 모든 부정적 단어에 혼문을 깔게되는 기묘한 체험.,제목 가장 단점 제목 찬사 마음 모든 부정 단어 혼문 기묘하다 체험
영상미 하나만큼은.,상미 하나
"새로운 프렌차이즈의 탄생을 알리는,",새롭다 프렌차이즈 탄생
한국스러운게 강점인 시대를 살아가고 있음을 이 작품 하나로 여실히 알게 된다.,한국 강점 시대 하나로 여실히
의외로 속편이 더 기대된다,속편 기대
"소재 자체가 특이하고 미국 영화사에서 제작한 작품이지만 로컬화 고증이 눈에 띈다. 하지만 타겟 시청자층이 제한되고, 그 타겟에 나는 포함되지 않는다는 것을 또 한번 느낀다.",소재 자체 특이하다 미국 영화사 제작 로컬 고증 타겟 시청자 제한 타겟 포함 한번
노래가좋다 2탄 루미 엄빠얘기로 나왔음좋겠다,노래 루미 엄빠 얘기
"귀마는 퇴치되었고, 황금 혼문은 완성되었다.",마는 퇴치 황금 혼문 완성
노래가 좋으니 기본값은 먹고 들어간다,노래
지금까지 풍문으로 들어온 어느 국가의 인기를 증명해버렸다고 봐도 과언이 아닌..,지금 풍문 국가 인기 증명 과언
10대들을 위한 국뽕 케이팝 애니,국뽕 애니
도입부로 케이컬쳐와 한국의 멋을 맛있게 비벼 주나 싶더니 갈수록 억텐 국뽕 잡탕에 갑분썩 짜치는 로맨스까지 호랑이까치 뺀 나머지 감다뒤 나가라,도입 부로 케이 컬쳐 한국 맛있다 갈수록 억텐 국뽕 잡탕 로맨스 호랑이 까치 나머지
이 영화가 해석하고 있는 케이팝 문화가 나는 싫다. 어쩌면 이 영화 속 케이팝이 현실과 닮았기 때문에 더욱 싫은 것일지도 모르겠다.,해석 문화 싫다 어쩌면 현실 때문 더욱 싫다 일지
김밥과 남미새 둘만 남는 영화,김밥 남미
디즈니는 1989년에 브로드웨이 뮤지컬 스타일을 가져와 인어공주를 만들며 승승장구하기 시작했다. 어쩌면 비슷한 시작...?,디즈니 브로드웨이 뮤지컬 스타일 인어공주 승승장구 시작 어쩌면 비슷하다 시작
철저한 고증과 마음을 울리는 음악들의 조화.,철저하다 고증 마음 음악 조화
미국인들이 디즈니를 볼 때 이런느낌이었을까 ㅋㅋ,미국인 디즈니
주말동안 내 알고리즘은 케데몬에 점령당함ㅋㅋㅋ,주말 동안 알고리즘 케데몬 점령 당하다
어릴 때 보던 카툰네트워크의 향기가 난다...,카툰 네트워크 향기
달고 맛있고 건강한 제로소다팝,맛있다 건강하다 로소
"앞에 한 2분 봤는데 벌써 꿀잼이다 배경,설정,적,우리팀,당위성, 캐릭터성 모두 설명 했고 KPOP, 한국전통 설화등 한국문화가 찬란하게 녹아있다. 밉지 않은 악당까지 바로 이게 애니메이션이 표현할 수 있는 키치적, 스피디한 연출이라고 본다 굉장히 파워풀하고 시원한 빠른 = 한국적인 작품. 근데 이걸 소니가 했다고? 국내 제작사들 일 더 열심히 해라!!!",벌써 꿀잼 배경 설정 우리 위성 캐릭터 모두 설명 한국 전통 설화 국문 찬란하다 밉다 악당 바로 애니메이션 표현 키치 스피디 연출 굉장하다 파워 시원하다 빠르다 한국 소니 국내 제작사
곳곳에 익숙한 한국의 거리 배경,곳곳 익숙하다 한국 거리 배경
"골든이라는 노래가 나한텐 케이팝팬, 아시안, 한국인을 위한 헌정가, 혁명가, 본디스웨이로 들린다… 초고음 이슈로 따라 부를 수는 없는…",노래 한텐 아시안 한국인 정가 혁명가 디스 웨이 고음 이슈
이제부터 루장카설 반박 시 이민정,이제 루장카설 반박 이민정
노래할 때 공연할 때 넘나 케이팝 아이돌 그자체!!!,노래 공연 아이돌 자체
"그저 K-pop 인기에 편승한 괴작이 아닌, 고증과 재미가 생각보다 탄탄한 왕도물.",인기 편승 괴작 고증 재미 탄탄하다 왕도
우리나라만의 독특한 문화를 독창적이게 말아준다.,우리나라 독특하다 문화 독창
물론 합동 팬싸....랑 공개 저격은 빼고. 그 합동 팬싸를 보고 사람들 반응이 좋았다고 생각했다니 헌트릭스 소속사는 서치를 매우 못하나보다.,합동 팬싸 공개 저격 합동 팬싸 보고 사람 반응 트릭 소속사 서치 매우 하나
시놉시스만 보고 케이팝에 편승해서 시청 시간을 늘린다고 넷플릭스를 욕했던 과거의 나를 반성한다. 노래도 좋고 무엇보다 재밌다 :),시놉시스 보고 편승 시청 시간 넷플릭스 과거 반성 노래 무엇 재밌다
마법소녀물+케이팝+미국 자본이 잘 혼합되어 있다. 세계관도 생각보다 탄탄해서 확장성도 높아 보인다. 나오는 노래들도 케이팝스러운 그것에 최근 나온 어떤 케이팝 노래보다 뛰어나다. 뛰어난 작품은 아니지만 상업적으로 타임킬링으로 준수한 작품이다.,마법소녀물 미국 자본 혼합 세계관 탄탄하다 확장 성도 높다 노래 그것 최근 노래 뛰어나다 뛰어나다 상업 타임 킬링 준수
K-컬처의 대표인 K-팝을 향한 전 세계 인기의 원인을 파악해 만든 코리엔탈리즘적 오락과 노래 그리고 영화.,컬처 대표 세계 인기 원인 파악 코리 리즘 오락 노래
사람들이 사자보이스 제삿날이라도 알려달라고 한 의미를 이제야 깨달은 나,사람 사자 보이스 제삿날 달라 의미 이제야 깨달
전반적으로 음악과 액션씬을 굉장히 섬세하게 빌드업한 애니메이션이라 보는 맛이 있었다! 헌트릭스 멤버들이나 호랑이와 까치 등등 캐릭터 디자인도 매력적이었음. 전 세계적으로 열광한 이유가 뭔지 좀 알 것 같았다. 하지만 후반부에서 루미의 각성 등등이 너무 급전개였던 건 아쉬웠음. 러닝타임 끝나가니까 빨리 마무리하려는 느낌이 너무 강했달까... 아무튼 2편 나오면 보긴 할 듯!,전반 음악 액션씬 굉장하다 섬세하다 빌드업 애니메이션 트릭 멤버 호랑이 까치 등등 캐릭터 디자인 매력 세계 열광하다 이유 후반 루미 각성 등등 급전 아쉽다 러닝 타임 마무리 강하다
음악보다 이야기가 재미있고. 케이팝이 듣는 재미를 더 올린 것.,음악 이야기 재미있다 재미
k-culture의 위상만은 잘 알겠다.,위상
'...like i'm born to be' 즉 가슴 속 있는,가슴
(내가 본 것 중)케이팝씬을 가장 잘 표현해서 쉼없이 들썩들썩거리게되지만 묘하게 불편하고 답답한 건 왜일까,가장 표현 거리 불편하다 답답하다
조선의 훌륭한 신구 조합,조선 훌륭하다 신구 조합
"겨울왕국의 ""Conceal, Don't feel""에서 ""Let it go""로 가는 과정에서 보여준 대단히 현대적인 주제의식 표현이 수렴하는 자유로움을 보여준 것과 대비되어, 이 영화에 이르러서는 발산한다. 그것이 이른바 픽사식ㆍ디즈니식의 정교하고도 아무도 상처받지않는 무해한 플롯법칙이 아니라 다소 과장되고 누락된 플롯이기때문에 더욱 효과가 배가되는 느낌을 준다.",겨울왕국 과정 대단하다 현대 주제 의식 표현 수렴 자유 로움 대비 발산 그것 픽사 디즈니 정교 아무 상처 플롯 법칙 다소 과장 누락 플롯 때문 더욱 효과
"한국의 얼이, 아니, K-얼이, 세상의 심장부를 향해, 메인스트림으로 뻗어간다. 믿어지십니까? 세상을 구하는 이 노래가, 바로 이 땅, 한국에서 시작되다니. 사장님, 여기 김칫국 한 사발만 더 주이소.",한국 세상 심장 메인스트림 간다 세상 노래 바로 한국 시작 사장 여기 김칫국 사발
이젠 보통명사가 된 케이팝과 갓. 우리 호냥이와 갓까치도  케이 타고 흥해라💜,보통 명사 우리 까치 케이 타고
"p.s. 작품이 그려내는 세계에서 중요한 것은 고증에 맞는 진짜 케이팝이 아니라, 그 세계 안에서 '그럴 듯한' 케이팝.",세계 중요하다 고증 세계
옳게 된 문화 침략,옳다 문화 침략
진짜 유치하고 별다른 내용이 없는 그냥 케이팝 음악 애니. 너무 과대평가 되있다고 생각한다,유치하다 별다르다 내용 음악 애니 과대 평가
단조롭도록 노잼,단조롭다 노잼
그래서 컴백이 언제라구요?,컴백 제라
"감정의 분열과 고립, 스타의 사랑과 우정, 고증의 구현과 재미, 넘사벽 증명한 ‘Golden K-팝’, ‘까치와 해태’는 ‘K-굿즈’, 전체를 이해할 필요없이, 부분에 집중한 ‘Strategy’, 뮤직•댄스•퍼포먼스의 한류 종합선물세트로 ‘How it’s done’, 봉인해제 아이돌, 귀르가즘 ‘Soda pop’, 하트뿅뿅 팬덤층, ‘사자보이즈 & 이병헌’ 부활 컴백은 속편의 팝콘각, ‘K-컬처의 혼문’을 이룬 ‘거룩한 걸 : 데몬 헌터스’.",감정 분열 고립 스타 사랑 우정 고증 구현 재미 넘사벽 증명 까치 해태 전체 이해 필요없다 부분 집중 뮤직 댄스 퍼포먼스 한류 종합 선물 세트 봉인 해제 아이돌 귀르가즘 하트뿅뿅 팬덤 사자 보이즈 이병헌 부활 컴백 속편 팝콘 컬처 혼문 거룩하다 데몬 헌터스
일월오봉도를 외국 작품에서 보게 되는 날이 있다니.. 다 필요없고 이 장면으로 국뽕차오른다꾸나,일월오봉도 외국 필요없다 장면 국뽕
소니 애니메이션은 스파이더맨 이후로 항상 나를 놀래킨다. 너무 스타일리쉬한 애니메이션 스타일을 고수하기 때문... 다만 이번편은 컨셉이 획기적인거에 비해 스토리가 좀 많이 아쉽네,소니 애니메이션 스파이더맨 이후 항상 놀래킨다 스타 일리 애니메이션 스타일 고수 때문 다만 이번 컨셉 획기 스토리 아쉽다
정말 재밌는 뮤직비디오,재밌다 뮤직비디오
어제발...보다가 졸아서 걍 끔...,어제
내 취향은 인디라..,취향 인디
나도 국뽕 차올라보고 싶었지만 … 참 안일하다,국뽕 보고 안일하다
K팝으로 꽉찬 한미퓨전식,한미 퓨전
대체 뭐가 재밌다는건지,대체 재밌다
"진우 죽어서 다행이다(너무한가요) 연대가 꼭 커플링일 필요는 없는데 미국인들의 정상성 집착을 볼 수 있었음 ㅋㅋㅋ 재미있는 설정, 왕도적 전개였지만 시간이 부족했는지 속도가 너무 빠르다. 또 루미가 반인반귀인데 이렇게 설정한 당위가 작품 내에서 해명되지 않는다. “문양이 드러나면 상처도 드러나”로 가사를 고치려는 데에서 좀 그리로 나아가나? 싶지만? 결국 조이, 미라(&셀린)가 루미를 어떻게 받아들였는지, 즉 Demon의 존재가 이 세계관에서 어떤 위치가 된 것인지 드러나지 않는다. 시간이 부족해서 그런 것 같다. 후반부에선 어떤 가지를 자를지 결정을 못 한 듯. 애니메이션 퀄리티는 좋음.",진우 다행 너무하다 연대 커플링 필요 미국인 정상 집착 재미있다 설정 왕도 전개 시간 부족하다 속도 빠르다 루미 설정 당위 해명 상처 가사 조이 미라 셀린 루미 존재 세계관 위치 시간 부족하다 후반 가지 결정 애니메이션 퀄리티
노래는 좋은데 스토리에 맥락이 없다,노래 스토리 맥락
어느새 압도적 주류가 된 팬덤 문화 ✨✨,어느새다 압도 주류 팬덤 문화
만국공통어를 꿈꾸는 K-POP과 아쉬움이 남는 결자해지(3.5),만국 공통 아쉬움 해지
골든 듣다 보면 트위터 덕질계 파고 싶어짐. 그 모먼트를 알고 있는 영화 흔치 않다.,트위터 덕질 파고 모먼트
"헌트릭스와 사자 보이즈(의 노래)가 '케이팝 데몬 헌터스'의 세계에서만 존재하기는 너무 아깝다. 단, 실제 한국 아이돌과는 거리가 있는 묘사도 있다.",트릭 사자 보이즈 노래 데몬 헌터스 세계 존재 아깝다 실제 한국 아이돌 거리 묘사
국뽕이 차오르는 기획. 옛날 007에서 묘사되던 말도 안되는 우리나라의 모습과 비교해보면 격세지감을 느낀다.,국뽕 기획 옛날 묘사 안되다 우리나라 모습 비교 격세지감
슈퍼볼 하프타임 쇼에 서있는 케이팝 아이돌을 그려보았다.,슈퍼볼 하프타임 아이돌
적어도 연예계를 잘 아는 사람이 만들어서 다행이다. 근데 고양이좀 더 보여줘요,연예계 사람 다행 고양이
헌트릭스 컴백이랑 사자보이즈 재결합 부탁드립니다...제발...,트릭 컴백 사자 보이즈 재결합 부탁드리다 제발
"난 왜이렇게 상처가 많을까, 왜 이렇게 잘 울까, 하면서 자신의 상처와 그에 따른 감정변화가 부끄러웠던 내가 이제는 그 상처들이 나의 결을 만들어주었구나, 더 깊이 공감하게 해주었구나를 알게 되어서 이 영화가 참 와닿았다. 드러내고 더욱 기댐으로써 자기가 자기를 진심으로 사랑하게 되는 상처가 정말 결로 바뀌는 그 멋진 장면이 감동적이었따.",상처 자신 상처 감정 변화 부끄럽다 이제 상처 깊이 공감 구나 더욱 자기 자기 진심 사랑 상처 멋지다 장면 감동
골든이 내 렛잇고다,렛잇고
와우 케이팝 유니버스 김치찌개를 제대로 말아왔네 모든 대사가 영어인데 한국어가 들릴 지경. 우리가 이 정도로 대중템인가 싶다??,와우 유니버스 김치찌개 제대로 모든 대사 영어 한국어 지경 우리 정도 대중
스토리는 뻔하지만 노래가 너무 좋음,스토리 뻔하다 노래
아가의 분유를 뺏어먹는 죄책감은 왜 드는 걸까.,아가 분유 죄책감
제목만 보고는 내취향 아닐줄 알았는데… 일단 저는 더피(호냥이)한테 반했구요ㅜ 최애는 애비구요ㅜ 미라언니❤️시즌2 만들어주세여 ㅈㅂ. 고증이 80프로 완벽한 외국자본 애니. 아트디렉터님에게 1000번의 박수를 드립니다.,제목 보고 취향 일단 더피 반하다 최애 애비 미라 시즌 고증 프로 완벽하다 외국 자본 애니 아트디렉터 번의 박수
"루진우 화이팅,루진우많이넣어야지, 루진우 이게사랑이고 이게구원이야",진우 화이팅 진우 진우 사랑 구원
킬링타임용으로 보려다가 생각보다 깊게 빠진 영화,킬링타임 깊다
의외로 재밌고 벅차고 심금을 울림.... 고증 대박이고 노래 너무 좋음 원래 케이팝에 본진을 두고 있지 않은데 헌트릭스는 진짜잖아,재밌다 벅차다 심금 울림 고증 대박 노래 원래 본진 트릭
민화속 호랑이를 이렇게 귀엽게 그릴줄이야,민화 호랑이 귀엽다
"새로운 영화장르, 케이팝영화",새롭다 영화장르
한국이 배경인 애니메이션이 더 많이 나왔음 좋겠다 😀,한국 배경인 애니메이션
있는 나 그대로를 받아들여 공주들아,그대로 공주
케이팝이 극 중 스토리로나 음악으로나 영화적으로 잘 융화되는 것을 보는 쾌감,스토리 로나 음악 융화 쾌감
영화가 김치피자탕수육같다..고증이 너무 잘된 영화지만 흑인들이 드레드 한 한국 래퍼들보고 뭐라하는 이유를 조금이나마 알거 같다ㅠ,김치 피자 탕수육 고증 흑인 드레드 한국 래퍼 보고 이유 조금
"그밖에도 최고신(데미우르고스)에 반목하고 여신(소피아)과 결합하여 자기희생을 통해 영적 깨달음을 주는 구원자의 그노시즘적 구조, 혼돈이 끝나고 세계의 질서를 회복하는 여신의 전형적인 서구신화 이야기를 동양철학의 전형과도 같은 음양의 조화로 맛있게 버무림.",최고신 데미우르고스 목하 여신 소피아 자기 희생 통해 영적 깨달음 구원 자의 그노시즘 구조 혼돈 세계 질서 회복하다 여신 전형 서구 신화 이야기 동양철학 전형 음양 조화로 맛있다 무림
"소재는 신선하나, 로맨스 결말은 너무 진부하다",소재 신선하다 로맨스 결말 진부하다
차은우로 실사화 바랍니다.,은우 실사
저는 이 영화 보면서 뜬금없게도 <씨너스: 죄인들>이 떠올랐어요. 그 문화의 정수를 담은 음악 연주자가 공동체를 통합시키고 마법적인 힘을 가진 무당으로 기능한다는 점에서요.,뜬금 씨너스 문화 정수 음악 연주자 공동체 통합 마법 무당 기능
솔직히 너무나 퀴어적 읽기 가능한 서사임..,솔직하다 퀴어 가능하다 사임
ses가 무당이었다니...,무당
진우오빠 따라서 저숭라라 가고싶다..,진우 따라서 저숭라
"게다가 거의 모든 배경과 캐릭터, 악귀, 소품등의 디테일한 거의 모든 것이 한국적이라서",게다가 거의 모든 배경 캐릭터 악귀 소품 디테일 거의 모든 한국
아... 취향 차이겠지만... 저는 버티기 힘드네요. 아니 못 버텨요.,취향 힘드다
클리셰한 성장형 슈퍼히어로물도 국뽕의 결계(結界)안에서 보니 훌륭한 컨벤션 무비더라.,클리셰 성장 슈퍼히어로 국뽕 훌륭하다 컨벤션 무비
13세 이상이 재미를 느낀다면 그건 경계선 지능장애다,이상 재미 경계 지능 장애
사람은 존재의 이유가 있고 영화는 흥행의 이유가 있다.,사람 존재 이유 흥행 이유
노래와 문화 모든걸 연결짓는 창의적인 연결고리,노래 문화 연결 창의 연결고리
애니 보면서 설레지 않을거라 다짐했건만..,애니 설레다 다짐
판타스틱 조합의 k-pop 한상차림 :),판타스틱 조합 상차림
루미의 각성과 k-pop의 흥행이 겹쳐진다...,루미 각성 흥행
사이버 가수 아담은 근황 올림픽에도 못 나와...,사이버 가수 아담 근황 올림픽
잘 만든 어린이 뮤지컬,어린이 뮤지컬
점유율이 늘고 접속자가 늘어~,점유 접속
"영화의 뮤지컬씬 및 액션씬 전반의 연출, 보고 듣는 즐길거리들의 퀄리티가 상당했음. 오프닝부터 이미 기대를 끌어올리는 화려하고 스피디한 액션씬을 최적의 음악과 함께 선보였고, 중간중간 보여준 서정적인 뮤지컬씬 및 익살스러운 유머 위주의 뮤지컬씬도 볼 만했으며, 제법 파워풀한 액션이 가미된 뮤지컬씬에다 절절한 감정선과 역동적인 액션 모두를 잡아낸 막판의 뮤지컬 액션씬까지 쭉 끊기지 않고 이어지며 눈과 귀를 자극해줬음. 특히 남산 위에서 10여분 간 펼쳐진 클라이맥스의 뮤지컬 액션씬은 단연 돋보였음. 사자보이즈의 은근 섬뜩하고 오싹했던 저승사자 컨셉 무대는 개인적으로 영화에서 가장 인상깊은 장면이었으며, 그 자체로서의 완성도는 물론, 극에다 긴장감과 위기감을 불어넣었고, 분위기를 한껏 고조시키며 주인공들의 활약을 위한 판을 깔아줬음. 그리고 이후 헌트릭스가 바통을 이어받아 펼친 뮤지컬 액션은 진솔함과 파워풀함이 돋보였고, 주인공으로서의 존재감을 드러내며 상황을 말끔히 정리해냈음은 물론, 진우의 서글픈 퇴장까지 더해지며 단순한 권선징악 이상의 극적인 결말을 만들어냈음.",뮤지컬 액션 전반 연출 보고 거리 퀄리티 상당하다 오프닝 기대 화려하다 스피디 액션씬 최적 음악 중간 중간 서정 뮤지컬 익살스럽다 유머 위주 뮤지컬 제법 파워 액션 가미 뮤지컬 절절 정선 액션 모두 막판 뮤지컬 액션씬 자극 남산 여분 클라이맥스 뮤지컬 액션씬 단연 사자 보이즈 은근 섬뜩하다 오싹하다 저승사자 컨셉 무대 개인 가장 인상 깊다 장면 자체 로서 완성 긴장감 위기 불어 분위기 고조 주인공 활약 이후 트릭 바통 뮤지컬 액션 진솔하다 파워 풀함 주인공 존재 상황 정리 진우 서글프다 퇴장 더하다 단순하다 권선 징악 이상 극적 결말
케이팝이 폭팔시킨 화려한 판타지,폭팔 화려하다 판타지
토마토지수 94%,토마토 지수
내가 나이가 들었나... 왜 나만 그저 그렇지? 이보다 좋은 얘기를 수도 없이 봐서 그런가.,나이 이보 얘기 수도 런가
성급한 호흡과 나이브함을 뛰어넘는 스타일과 음악의 승리.,성급하다 호흡 이브 스타일 음악 승리
사자보이즈 대체 뭔데 해서 봤다가 입덕 위기,사자 보이즈 대체 입덕 위기
고증 미쳤다. 세상사람들아 동양말고 한국이다 이게,고증 미치다 세상 사람 동양 한국
재밌긴한데 뭔가 더 깊고 스케일 크게 풀 스토리가 있을 듯. 속편 나오면 좋을텐데,재밌다 뭔가 깊다 스케일 크게 스토리 속편
세세한 디테일에 노래가 완성을 더해 준다,디테일 노래 완성 더하다
스토리가 없어도 너무 없잖아..,스토리
간결하고 군더더기없이 깔끔하네,간결하다 군더더기 깔끔하다
미국이 기획하고 일본이 만들어버린 케이팝이라니,미국 기획 일본
밖에서 외치는 국뽕. 고증도 실하고 애니로도 알차다.,국뽕 고증 실하다 애니 알차다
"깨알같이 들리는 한국어와 대놓고 쓰여있는 한글들, 너네 이런 거 신기했구나 싶은 김밥, 목욕탕, 아줌마까지 반갑다 반가워!! 한국을 좋아해주는 외국인이 만든 느낌이 강해서 오히려 더 호감이 간다. 한국인이 만들었다면 역효과일게 분명했을 텐데 외국인이 낋여준 애니로 한국인들 국뽕 취향저격 대성공이다. 한국인들 이걸 어떻게 참아?",깨알 한국어 한글 신기하다 김밥 목욕탕 아줌마 반갑다 반갑다 한국 좋아하다 외국인 강하다 오히려 호감 간다 한국인 역효과 분명하다 외국인 여준 애니 한국 국뽕 취향 저격 대성공 한국
"캐릭터의 독보적 개성과 미친 음악이 맞물릴 때, 진정한 혼문이 열리기 시작한다.",캐릭터 독보 개성 미치다 음악 진정하다 혼문 리기 시작
”가장 한국적인 것이 가장 세계적인 것이다“,가장 한국 가장 세계
느낌 매우 좋지 내가 국딩이면 5점줬지 사자보이즈 돌아와요~ 이랬겠지,매우 국딩이 사자 보이즈
영어더빙과 한국어더빙으로 돌아가면서 보았는데 옛날엔 한국 노래에 중간중간 영어가 섞여서 노래를 불렀다면 요즘은 영어노래에 한국가사가 조금씩 섞여 들어가는걸 보고 시대가 정말 변했다는걸 다시 체감하게됐다. 케이팝이 대세라지만 체감한적은 없었는데 같은시대를 살지만 같은 시대를 살지 않는듯한 느낌이 들기도한다. 외국에서 이런노래를 들으면 옛날 한국에서 영어섞인 노래를 듣는 기분이 비슷하려나?,영어 더빙 한국어 더빙 옛날 한국 노래 중간 중간 영어 노래 요즘 영어 노래 한국 가사 보고 시대 변하다 다시 체감 세라 체감 한적 시대 시대 기도 외국 노래 옛날 한국 영어 노래 기분 비슷하다
"25-026 한국 문화를 디테일하게 표현하고, 캐릭터를 매력 있게 그려냈으면서 재미도 있다.  '결점을 허용하지 않는 사회'라는 우리 사회의 결점을 살짝 얹어 서사를 진행할 부분이 흥미롭다.",한국 문화 디테 표현 캐릭터 매력 재미 결점 허용 사회 우리 사회 결점 살짝 서사 진행 부분 흥미롭다
노래도 너무 좋고 잘 만들었지만 이렇게 핫하지 않았다면 절대 안 봤을 것 같음ㅋㅋ 그렇지만 문화와 시대적으로는 굉장히 흥미로운 작품인 듯,노래 절대 문화 시대 굉장하다 흥미롭다
들어간 노력과 실력들에 비해 스토리라인이 많이 부족한 영화,노력 실력 스토리 라인 부족하다
너희들은 나의 소다맛 금빛 아이돌💜,너희 금빛 아이돌
이야기나 캐릭터보다도 창의적인 설정과 노래 그것을 구현해내는 기획이 더욱 대단하다. 예상 밖에 일이다.,이야기 캐릭터 창의 설정 노래 그것 구현 기획 더욱 대단하다 예상 일이
미칠거면 애매하게 미치면 안되고 이 정도로 확실하게 미쳐야함,미치다 애매하다 미치다 안되다 정도 확실하다 미치다 야하다
"한국적인 요소들을 과감하게 내세운 서사는 관객에 따라 다소 유치하거나 오글거린다는 인상을 줄 수 있다. 그러나 이러한 서사적 약점을 단숨에 상쇄할 정도로 수록곡의 완성도가 매우 뛰어나다. 모든 곡이 K-POP이라는 주제에 정확하게 부합하며, 사운드와 감정의 흐름은 과장된 연출과 극적 설정을 설득력 있게 풀어낸다. 음악이야말로 이 작품의 가장 강력한 서사다.",한국 요소 과감 세운 서사 다소 유치하다 인상 이러하다 사적 약점 단숨 상쇄할 정도 수록 완성 매우 뛰어나다 모든 주제 정확하다 부합 사운드 감정 흐름 과장 연출 극적 설정 설득 음악 가장 강력하다 서사
요즘 넷플릭스는 기획성 하나로만 모든 흥행이 보장되는 듯.,요즘 넷플릭스 기획 하나로 모든 흥행 보장
캐릭터 설정도 감다살 ...,캐릭터 설정
새로운 애니 장르의 탄생. 한국적인 것이 세계적인 것의 좋은 예. 20250628,새롭다 애니 장르 탄생 한국 세계
유치뻥짝 뽕짜라뽕짝,유치 뻥짝 뽕짝
아이돌들의 연애를 응원합니다,아이돌 연애 응원
케이팝을 듣냐?하는 친구에게 이걸 보여주세요,친구
한국적이면서 독창적인 기획의 힘,한국 이면 독창 기획
외부의 시선으로도 이질감이 거의 없다는 건 K-POP이 그만큼 한국 문화를 보편화시켰기 때문일 듯 하다. 무엇보다도 음악이 너무 좋다.,외부 시선 질감 거의 한국 문화 보편화 때문 무엇 음악
너무 재밌었다. 무엇보다 디테일에 신경쓴게 너무 좋았다.,재밌다 무엇 디테일 신경
한국 아이돌 컨텐츠로 넷플릭스 애니메이션 영화 만드는,한국 아이돌 컨텐츠 넷플릭스 애니메이션
"음악, 카메라 웍, 비쥬얼, 캐릭터 디자인 다 좋고",음악 카메라 비쥬 캐릭터 디자인
"처음 제작 소식을 접했을 때는 제목부터 유치하다는 생각이 들었고, 케이팝의 인기에 편승하려는 작품일 것이라는 편견이 있었습니다. 하지만 한국에 대한 세심한 고증과 살아있는 디테일이 흥미로웠으며, 작품에 삽입된 중독성 강한 노래와 정감 가는 캐릭터 덕분에 즐겁게 감상할 수 있었습니다. 오히려 이런 애니메이션이 해외에서 제작되어 역수입되었다는 점이 아쉬웠습니다.",처음 제작 소식 제목 유치하다 인기 편승 품일 편견 한국 대한 세심 고증 디테 일이 흥미롭다 삽입 중독 강하다 노래 정감 캐릭터 덕분 즐겁다 감상 오히려 애니메이션 해외 제작 수입 아쉽다
그리고 전쟁통에도 애는 태어난다더니,전쟁
한국 수출입의 역사를 문화적으로 체험하려면.,한국 수출입 역사 문화 체험
"케이팝 팬들, 그리고 업계 종사자들에게는 일종의 선물처럼 다가올 작품이라고 생각된다. 나 역시 케이팝을 좋아하는 사람으로서, 팬들이 느낄 수 있는 다양한 감정과 덕질 문화에 대한 섬세한 감수성이 영화 곳곳에 담겨 있어 공감하며 보았다. 케이팝이라는 산업의 화려한 무대 이면을 ‘데몬’이라는 세계관으로 풀어내려는 시도는 흥미로웠지만, 그 설정이 과연 충분히 활용되었는지는 다소 의문이다. 데몬을 단순한 ‘악령’이 아니라, 아티스트 내면에 존재하는 불안, 질투, 자기혐오와 같은 복합적 감정의 형상으로 풀어냈다면, 케이팝 산업에 대한 더 깊은 이해와 통찰로 이어질 수 있지 않았을까. 무엇보다 클리셰로 가득한 전개와 억지스러운 로맨스는 흥미로운 세계관을 지나치게 평이한 이야기로 귀결시켜, 영화 전반의 수준을 떨어뜨린 점이 아쉽게 남는다.",업계 사자 일종 선물 역시 좋아하다 사람 다양하다 감정 덕질 문화 대한 섬세하다 감수성 곳곳 공감 산업 화려하다 무대 이면 데몬 세계관 시도 흥미롭다 설정 과연 충분하다 활용 다소 의문 데몬 단순하다 악령 아티스트 내면 존재 불안 질투 자기혐오 복합 감정 형상 산업 대한 깊다 이해 통찰 무엇 클리셰 가득하다 전개 억지스럽다 로맨스 흥미롭다 세계관 평이하다 이야기 귀결 전반 수준 아쉽다
노래만으로도 충분한데 스토리도 좋다,노래 충분하다 스토리
캐릭캐릭 체인지 케이팝 버전,캐릭 캐릭 체인지 버전
"근데 이름이 이상함. (e.g. 케이팝 데몬 헌터스, 사자 보이스…)",이름 이상하다 데몬 헌터스 사자 보이스
이쯤이면 국뽕도 자랑스럽다...,이쯤 이면 국뽕 자랑스럽다
찾았다 내 천년돌 루미 😻😻,천년 루미
조화가세상을살린다.....,조화 가세
왜 재미있는데? 왜 잘만든건데?,재미있다
김치찌개가 신선해요,김치찌개 신선하다
이게 코리아지 ㅋ,코리아
기존의 뮤지컬과 애니메이션 장르를 뛰어넘은 새로운 시도와 방향성,기존 뮤지컬 애니메이션 장르 새롭다 시도 방향성
오직 강한 사람만이 다 지켜낼 수 있는 거야. 정말 그런 거야. 나 이 말 들은 적 있잖아. 오직 강한 남자만이 날 지켜낼 수 있다는 말. 농담같았던 그 말이 갑자기 생각났다. 애니를 보며 깨닫고 눈물 흘리는 거 맞아?,오직 강하다 사람 오직 강하다 남자 농담 갑자기 애니 눈물
진짜들이 모여 만든 클리셰는 기대 이상으로 황홀했다,클리셰 기대 이상 황홀하다
나도 호랑이 키울래,호랑이
헌트릭스만 있다면 케이팝의 미래가 밝다,트릭 미래
이제 넷플릭스에서 케이팝 걸그룹이 김밥이랑 라면 먹고 힘 내서 악귀들 때려잡는 것도 볼 수 있군아,이제 넷플릭스 걸그룹 김밥 라면 악귀
신선한 소재의 재미와 조화로움은 있지만 각개 캐릭터들이 평범하고 진부하다. 노래와 비주얼이 좋아 감각적으로는 즐거운 경험이었다.,신선하다 소재 재미 조화로움 각개 캐릭터 평범하다 진부하다 노래 비주 감각 즐겁다 경험
국뽕에 차올라 객관적 평가 불가능,국뽕 객관 평가 불가능
맛깔나게 말아준 흑백요리사 케이팝 ver.,맛깔나다 흑백 요리사
케이팝이 말아준 겨울왕국,겨울왕국
노래가 너무 좋잖아..?,노래
조금 유치한데 볼만함,조금 유치하다
다 좋은데 이병헌 뭐에요 ;;,이병헌
남의 콘서트 가서 다 죽이고,콘서트
제작진의 진심이 보여서 노래와 함께 즐거웠다.,제작 진의 진심 노래 즐겁다
주모!!!!!!!!,주모
왜 노래가 좋은건데!? 왜 재밌는건데!?,노래 건데 재밌다
돼지호랑이,돼지 호랑이
가장 한국적인게 가장 세계적인 것이다!!!,가장 한국 가장 세계
"케이팝 팬들 고증도 잘 했고 오락영화로 제격, 합격!",고증 오락 영화로 제격 합격
호랑이랑 까치 굿즈 내주세요,호랑이 까치
우리 헌트릭스언니들이 왜이리 명창이야,우리 트릭 명창
가끔 고증에 엥? 했지만 재밌게 봄,가끔 고증 재밌다
사실 스파이더맨 어크로스 더 유니버스 제작진이라는 게 ㅋㅋㅋㅋㅋ 더 설렘 .... 내 본진 사이드잡 기깔나게 했을 것 같다고요,사실 스파이더맨 크로스 유니버스 설레다 본진 사이드
사자보이즈 노래가 좋아서 왜 사람들이 홀리는 지 알것 같아.,사자 보이즈 노래 사람 홀리
"과민하게 반응한 건가 싶어 끝까지 봤지만 불쾌한 느낌은 쉽게 사라지지 않았다. 한의원 장면에서 미라가 한의사에게 루미는 워커홀릭이라 쉴 줄 모른다고 말한다. 얼핏 팀의 내분 주요 원인 중 하나로 과로가 지목되는 듯하지만, 영화는 루미의 과한 노동 자체보다 그녀를 과로로 몰아넣는 비밀을 더 큰 문제처럼 다룬다. 셋이 힘을 합쳐 난관을 넘긴 뒤 사우나에서 잠깐 웃고 떠들자마자, 루미는 “이만하면 다 쉰 것 같지 않냐”고 말한다. 미라는 자신이 완전히 충전됐다고 하고, 조이는 소파가 좋긴 하지만 지금일 필요는 없을 것 같다고 반응하며 곧바로 노동으로 돌아간다. 영화는 헌트릭스의 컴백 광고판을 비추며 끝나는데, 근처 쓰레기통에 사자보이즈 모자가 널브러진 것을 보면 아무래도 큰 사건이 있은 지 시간이 얼마 안 지난 것처럼 보인다. 비밀이 모두 밝혀지자, 이제는 미라와 조이마저 중노동을 즐기게 되었다.",과민하다 반응 건가 불쾌하다 한의원 장면 미라 한의사 루미 워커홀릭 얼핏 내분 주요 원인 하나로 과로 지목 루미 노동 자체 그녀 과로 비밀 문제 난관 사우나 잠깐 루미 이만 미라 자신 완전하다 충전 소파 금일 필요 반응 곧바로 노동 트릭 컴백 광고 근처 쓰레기통 사자 보이즈 모자 널브러진 사건 시간 얼마 지난 비밀 모두 이제 미라 조이 노동
다른 게 뭐가 중요하겠어 골든 들으면서 눈물이 나는데,다른 중요하다 눈물
"솔직히 취향은 아니지만, 한국을 빛나게 해줬으니까..",솔직하다 취향 한국
세상에 나와서는 안되는 영화. 스토리는 뽀로로가 압승이고 음악은 흔해빠짐.,세상 안되다 스토리 뽀로로 압승 음악 흔하다
듣기만해도 코웃음 나오는 소재를 밀어붙여 제대로 완성시킨 뚝심이 제일 대단하다.,듣기 만해 코웃음 소재 제대로 완성 뚝심 제일 대단하다
와아 싱어롱 진짜 재밌네,싱어 재밌다
거리 속 깨알 한국어와 다른 배경 묘사는 말할 것도 없고. 겉핥기식 인정이 아닌 진짜 인정을 받은 것 같은.,거리 깨알 한국어 다른 배경 묘사 인정이 인정
안 보면 따돌림당할 것 같아서 봤습니다. 서울 시티 좋아 케이팝 정말 좋아,따돌림 당하다 서울 시티
그치만 한국 입김이 들어간 순간 여기저기서 숟가락 얹으려는 사람들 많아질텐데 부디 잘 뿌리쳐주세요..,한국 입김 순간 여기저기 숟가락 사람 부디
"초반부와 몇몇 장면에서 이해하기도 이입하기도 어려울 만큼  급한 전개장면들이 보이는데, 개인적인 바램으로 러닝타임이 7분정도만 길었으면 어땠을까 싶다. 하지만, 숏폼시대의 영화로서는 이 정도 템포가 적절할 수도있단 생각도 동시에 하게된다. 나는 타깃 대상층은 아니니까.",초반 부와 몇몇 장면 이해 이입 만큼 급하다 전개 장면 개인 바램 러닝 타임 정도 길다 숏폼시대 영화로 정도 템포 적절하다 수도 동시 타깃 상층
노래들이 머리에 박혀 빠져나오기 쉽지 않다.,노래 머리
내가 바로 칼날 여왕이다,바로 칼날 여왕
요즘 아이들의 동심을 자극하는 법이 우리 세대의 동심을 자극했던 것과는 많이 달라졌다는 생각을 하면서도 결국 코어는 유사하다는 느낌을 받았다. 영화에 대한 큰 감흥이 없었지만 그럼에도 불구하고 까내리고 싶지 않은 것이 그런 점에 기인하는 것도 같다.,요즘 아이 동심 자극 우리 세대 동심 자극 코어 유사하다 대한 감흥 불구 기인
"하지만 깨진 유리 조각들, 그 안에 담긴 아름다움.'",유리 조각 아름답다
"중독성 있는 음악과 한국 문화의 재가공을 통해 한류 콘텐츠의 확장성을 보여주며, 아이돌과 까치호랑이 캐릭터는 대중적 매력을 한층 끌어올린다.",중독 음악 한국 문화 가공 통해 한류 콘텐츠 확장 아이돌 까치 호랑이 캐릭터 대중 매력 한층 올린다
스토리가 이 영화의 신선함에 미치지 못한다,스토리 신선하다 미치다
"<한국적이다>가 무엇일까. 오방색이 한국적인가? 이전에 난지 오픈 스튜디오에 레지던시를 하던 외국작가는 수산시장에 있는 다각형의 수족관, 알타리무를 원기둥 모양으로 쌓아둔 시장의 모습을 신기하게 봤다. 거리를 둘러싼 큰 네온사인, 알록달록 등산복, 썬캡, 김장 때 쓰는 빨간 대야.",한국 무엇 오방 한국 이전 오픈 스튜디오 덥다 외국 작가 수산시장 다각형 수족관 리무 원기둥 모양 시장 모습 신기하다 거리 네온사인 알록달록 등산 김장 빨갛다 대야
해치가 귀여움😌,해치
김구 선생님 보고 있으시나요...,김구 선생님 보고
진우 목소리 버터 한 바가지..,진우 목소리 버터 바가지
케이팝을 통한 한국의 위상을 세계로!,통한 한국 위상 세계
욘사마에 열광하는 엄마를 보고자란 딸이 이제는 투애니원과 지드래곤을 쫓아다니는 모습을 보는 중인지라,욘사마 열광하다 엄마 보고 이제 투애니원 지드래곤 모습 중인 지라
저 찬란한 주인공들 옆에 내 얼굴도 순간 지나 갔을만한 수많은 사람들의 퍙범한 모습과 그들의 풍부한 감정들을 표현해 준 것에 뭉클했다. 물론 노래가 너무 좋긴 허지만.,찬란하다 주인공 얼굴 순간 지나 수많다 사람 퍙범 모습 풍부하다 감정 표현 뭉클하다 노래 허지만
‘K-Pop’이란 재료를 이렇게 요리할 줄은 상상도 못했다. 그 결과물이 이렇게 준수할거라고도 상상하지 못했던 것 같다.,이란 재료 요리 상상 결과물 준수 상상
"부정적인 존재인 사자 보이즈는 자신들의 표면을 예쁘게 꾸며 사람들을 잡아가려 하고,",부정 존재 사자 보이즈 자신 표면 예쁘다 사람
한국어 앨범은 안 나오나요?,한국어 앨범
이야기는 가볍지만 화려한 연출과 귀를 사로잡는 노래들,이야기 가볍다 화려하다 연출 노래
"보면서 놀라운 게 한국적인 디테일,복신,전통,문양 등등 단순한 표면적 장식에 그치지 않고 서사와 캐릭터들의 정체성도 잘 나타내었습니다 이는",놀랍다 한국 디테일 복신 전통 등등 단순하다 표면 장식 서사 캐릭터 정체 성도
아는 맛이지만 디테일에서 오는 풍미,디테일 밉다
"무대 조명 아래 굿판이 펼쳐질 때, 전통은 과거가 아닌 스타일이 된다.",무대 조명 아래 판이 전통 과거 스타일
"한의원, 목욕탕, 불닭소스, 해치, 캐릭터카드 등 한국의 문화들을 이질감없이 서사속에 자연스럽게 녹아들이고, 아이돌그룹에 정말 있을 것만 같은 캐릭터들부터 응원봉, 남산타워, 도성으로 둘러쌓인 공원 등 보여주는 요소들이 한국 문화에 대한 많은 공부와 디테일한 정성에 깜짝 놀랄 정도다",한의원 목욕탕 불닭 소스 해치 캐릭터 카드 한국 문화 질감 자연 아들 아이돌 그룹 캐릭터 응원봉 남산타워 도성 공원 요소 한국 문화 대한 공부 디테일 정성 깜짝 정도
어떡해 나 국뽕 처음 차 봐...,어떡하다 국뽕 처음
일단 신나니까 한잔해~,일단 신나다 한잔
이색적인 시선으로 흥미롭게 바라보는 한류 열풍.,이색 시선 흥미롭다 한류 열풍
케이팝 무대가 내내 나오는데 별 수 있나,무대 내내
아만보 무비,아만 무비
세상에 케데헌이 오겜3보다 훨씬 재밌다니.....,세상 재밌다
"이런 작품이 미국 자본으로 만들어졌다는 게 믿을 수 없도록 놀랍지만, 그럼에도 아쉬움은 가득하다. 무엇보다도 핵심 주제였던 '숨기지 말고 드러내라'는 메시지를 완전히 저버리는 결말이 가장 안타깝다.",미국 자본 아쉬움 가득하다 무엇 핵심 주제 숨기 메시지 완전하다 결말 가장 안타깝다
압도적인 스타일과 음악에 의외로 탄탄한 스토리는 덤으로~,압도 스타일 음악 탄탄하다 스토리
굉장히 달콤하고 청량한 탄산음료를 마신 느낌,굉장하다 달콤하다 청량하다 탄산음료
처음엔 유치한 애니메이션이라 생각했지만 신선하고 즐겁게 봤다! 확실히 음악이 좋으니 신나고 스토리와 개연성이 뒷따르니 집중해서 잘 보게되었다. KPOP의 위상이 얼마나 올라온 건지 제대로 느꼈음!,처음 유치하다 애니메이션 신선하다 즐겁다 확실하다 음악 신나다 스토리 개연 집중 위상 얼마나 제대로
"예쁘고 잘생긴 등장인물들 비주얼에 행복하고,",예쁘다 잘생기다 등장인물 비주 행복하다
이제 K팝은 미국과 일본거구나,이제 미국 거구
